/*
Navicat MySQL Data Transfer

Source Server         : localhost
Source Server Version : 50714
Source Host           : localhost:3306
Source Database       : infonews

Target Server Type    : MYSQL
Target Server Version : 50714
File Encoding         : 65001

Date: 2017-12-28 18:29:08
*/

SET FOREIGN_KEY_CHECKS=0;

-- ----------------------------
-- Table structure for `admin_usuario`
-- ----------------------------
DROP TABLE IF EXISTS `admin_usuario`;
CREATE TABLE `admin_usuario` (
  `id` int(11) unsigned NOT NULL AUTO_INCREMENT,
  `email` varchar(80) DEFAULT NULL,
  `pass` varchar(160) DEFAULT NULL,
  `nombre` varchar(80) DEFAULT NULL,
  `estado` int(1) unsigned DEFAULT '1',
  PRIMARY KEY (`id`)
) ENGINE=MyISAM AUTO_INCREMENT=7 DEFAULT CHARSET=utf8;

-- ----------------------------
-- Records of admin_usuario
-- ----------------------------
INSERT INTO `admin_usuario` VALUES ('1', 'raul.ramirez@garden.com.py', '4530ad981d5c02d9cb0456c360fae460803922f556c56022e1dc0187c16ced50', 'Raúl Ramírez', '1');
INSERT INTO `admin_usuario` VALUES ('2', 'jovino.prieto@garden.com.py', '4530ad981d5c02d9cb0456c360fae460803922f556c56022e1dc0187c16ced50', 'Jovino Prieto', '1');
INSERT INTO `admin_usuario` VALUES ('3', 'ssosa@garden.com.py', '4530ad981d5c02d9cb0456c360fae460803922f556c56022e1dc0187c16ced50', 'Sheila Sosa', '1');
INSERT INTO `admin_usuario` VALUES ('4', 'vvillalba@garden.com.py', '4530ad981d5c02d9cb0456c360fae460803922f556c56022e1dc0187c16ced50', 'Viviana Villalba', '1');
INSERT INTO `admin_usuario` VALUES ('5', 'javeiro@garden.com.py', '4530ad981d5c02d9cb0456c360fae460803922f556c56022e1dc0187c16ced50', 'José Aveiro', '1');
INSERT INTO `admin_usuario` VALUES ('6', 'dnavarro@garden.com.py', '4530ad981d5c02d9cb0456c360fae460803922f556c56022e1dc0187c16ced50', 'Diego Navarro', '1');

-- ----------------------------
-- Table structure for `categoria`
-- ----------------------------
DROP TABLE IF EXISTS `categoria`;
CREATE TABLE `categoria` (
  `id` int(11) unsigned NOT NULL AUTO_INCREMENT,
  `descripcion` varchar(85) DEFAULT NULL,
  `estado` int(1) unsigned DEFAULT '1',
  PRIMARY KEY (`id`)
) ENGINE=InnoDB AUTO_INCREMENT=5 DEFAULT CHARSET=utf8;

-- ----------------------------
-- Records of categoria
-- ----------------------------
INSERT INTO `categoria` VALUES ('1', 'Marca', '1');
INSERT INTO `categoria` VALUES ('2', 'Varios', '1');
INSERT INTO `categoria` VALUES ('3', 'Recursos Humanos', '1');
INSERT INTO `categoria` VALUES ('4', 'Video', '1');

-- ----------------------------
-- Table structure for `clipping`
-- ----------------------------
DROP TABLE IF EXISTS `clipping`;
CREATE TABLE `clipping` (
  `id` int(11) unsigned NOT NULL AUTO_INCREMENT,
  `id_medio` int(11) unsigned DEFAULT NULL,
  `id_seccion_medio` int(11) unsigned DEFAULT NULL,
  `titulo` varchar(160) DEFAULT NULL,
  `img` varchar(140) DEFAULT NULL,
  `img_thumb` varchar(140) DEFAULT NULL,
  `pagina` int(3) unsigned DEFAULT NULL,
  `fecha_visible` date DEFAULT NULL,
  `fecha_publicacion` datetime DEFAULT NULL,
  `tipo` enum('Garden','Competencia') DEFAULT NULL,
  `estado` int(1) unsigned DEFAULT '1',
  PRIMARY KEY (`id`)
) ENGINE=InnoDB AUTO_INCREMENT=43 DEFAULT CHARSET=utf8;

-- ----------------------------
-- Records of clipping
-- ----------------------------
INSERT INTO `clipping` VALUES ('1', '5', '2', null, '5dias_economia_17_IMG_20171227_141508.jpg', '5dias_economia_17_IMG_20171227_141508_thumb.jpg', '17', '2017-12-26', '2017-12-27 15:42:45', 'Garden', '1');
INSERT INTO `clipping` VALUES ('2', '5', '13', null, '5dias_portada_IMG_20171227_141540.jpg', '5dias_portada_IMG_20171227_141540_thumb.jpg', null, '2017-12-26', '2017-12-27 15:46:04', 'Competencia', '1');
INSERT INTO `clipping` VALUES ('3', '1', '14', null, 'abc_clasificados_1_IMG_20171227_142205.jpg', 'abc_clasificados_1_IMG_20171227_142205_thumb.jpg', '1', '2017-12-26', '2017-12-27 15:47:16', 'Competencia', '1');
INSERT INTO `clipping` VALUES ('4', '1', '14', null, 'abc_clasificados_1IMG_20171227_142214.jpg', 'abc_clasificados_1IMG_20171227_142214_thumb.jpg', '1', '2017-12-26', '2017-12-27 15:47:40', 'Competencia', '1');
INSERT INTO `clipping` VALUES ('5', '1', '14', null, 'abc_clasificados_2IMG_20171227_142227.jpg', 'abc_clasificados_2IMG_20171227_142227_thumb.jpg', '2', '2017-12-26', '2017-12-27 15:48:48', 'Competencia', '1');
INSERT INTO `clipping` VALUES ('6', '1', '14', null, 'abc_clasificados_2IMG_20171227_151629.jpg', 'abc_clasificados_2IMG_20171227_151629_thumb.jpg', '2', '2017-12-26', '2017-12-27 15:50:53', 'Garden', '1');
INSERT INTO `clipping` VALUES ('7', '1', '14', null, 'abc_clasificados_3IMG_20171227_142243.jpg', 'abc_clasificados_3IMG_20171227_142243_thumb.jpg', '3', '2017-12-26', '2017-12-27 15:51:23', 'Garden', '1');
INSERT INTO `clipping` VALUES ('8', '1', '14', null, 'abc_clasificados_5_IMG_20171227_142255.jpg', 'abc_clasificados_5_IMG_20171227_142255_thumb.jpg', '5', '2017-12-26', '2017-12-27 15:51:51', 'Competencia', '1');
INSERT INTO `clipping` VALUES ('9', '1', '14', null, 'abc_clasificados_7IMG_20171227_142307.jpg', 'abc_clasificados_7IMG_20171227_142307_thumb.jpg', '7', '2017-12-26', '2017-12-27 15:52:30', 'Competencia', '1');
INSERT INTO `clipping` VALUES ('10', '1', '14', null, 'abc_clasificados_7IMG_20171227_142313.jpg', 'abc_clasificados_7IMG_20171227_142313_thumb.jpg', '7', '2017-12-26', '2017-12-27 15:52:56', 'Competencia', '1');
INSERT INTO `clipping` VALUES ('11', '1', '2', null, 'abc_economia_17_IMG_20171227_142144.jpg', 'abc_economia_17_IMG_20171227_142144_thumb.jpg', '17', '2017-12-26', '2017-12-27 15:53:33', 'Garden', '1');
INSERT INTO `clipping` VALUES ('12', '1', '2', null, 'abc_economia_15_IMG_20171227_142134.jpg', 'abc_economia_15_IMG_20171227_142134_thumb.jpg', '15', '2017-12-26', '2017-12-27 15:54:54', 'Garden', '1');
INSERT INTO `clipping` VALUES ('13', '4', null, null, 'adn_5_IMG_20171227_142010.jpg', 'adn_5_IMG_20171227_142010_thumb.jpg', '5', '2017-12-26', '2017-12-27 15:55:37', 'Competencia', '1');
INSERT INTO `clipping` VALUES ('14', '4', '14', null, 'adn_clasificados_17_IMG_20171227_150355.jpg', 'adn_clasificados_17_IMG_20171227_150355_thumb.jpg', '17', '2017-12-26', '2017-12-27 15:56:07', 'Garden', '1');
INSERT INTO `clipping` VALUES ('15', '4', '8', null, 'adn_deportes_23IMG_20171227_142056.jpg', 'adn_deportes_23IMG_20171227_142056_thumb.jpg', '23', '2017-12-26', '2017-12-27 15:56:53', 'Competencia', '1');
INSERT INTO `clipping` VALUES ('16', '3', '2', null, 'lanacion_economia_15_IMG_20171227_141702.jpg', 'lanacion_economia_15_IMG_20171227_141702_thumb.jpg', '15', '2017-12-26', '2017-12-27 15:57:40', 'Garden', '1');
INSERT INTO `clipping` VALUES ('17', '3', '2', null, 'lanacion_economia_17_IMG_20171227_141712.jpg', 'lanacion_economia_17_IMG_20171227_141712_thumb.jpg', '17', '2017-12-26', '2017-12-27 15:58:14', 'Garden', '1');
INSERT INTO `clipping` VALUES ('18', '2', '2', null, '18_UH_economia_17_IMG_20171227_141836.jpg', '18_UH_economia_17_IMG_20171227_141836_thumb.jpg', '17', '2017-12-26', '2017-12-27 15:58:44', 'Competencia', '1');
INSERT INTO `clipping` VALUES ('20', '1', '2', null, '20_IMG_20171228_163926.jpg', '20_IMG_20171228_163926_thumb.jpg', '15', '2017-12-27', '2017-12-28 16:57:01', 'Competencia', '1');
INSERT INTO `clipping` VALUES ('21', '1', '14', null, '21_IMG_20171228_163949.jpg', '21_IMG_20171228_163949_thumb.jpg', '1', '2017-12-27', '2017-12-28 16:59:39', 'Competencia', '1');
INSERT INTO `clipping` VALUES ('22', '1', '14', null, '22_IMG_20171228_163956.jpg', '22_IMG_20171228_163956_thumb.jpg', '1', '2017-12-27', '2017-12-28 17:00:51', 'Competencia', '1');
INSERT INTO `clipping` VALUES ('23', '1', '14', null, '23_IMG_20171228_164019.jpg', '23_IMG_20171228_164019_thumb.jpg', '2', '2017-12-27', '2017-12-28 17:01:22', 'Competencia', '1');
INSERT INTO `clipping` VALUES ('24', '1', '14', null, '24_IMG_20171228_164030.jpg', '24_IMG_20171228_164030_thumb.jpg', '2', '2017-12-27', '2017-12-28 17:01:46', 'Garden', '1');
INSERT INTO `clipping` VALUES ('25', '1', '14', null, '25_IMG_20171228_164041.jpg', '25_IMG_20171228_164041_thumb.jpg', '3', '2017-12-27', '2017-12-28 17:02:10', 'Garden', '1');
INSERT INTO `clipping` VALUES ('26', '1', '14', null, '26_IMG_20171228_164051.jpg', '26_IMG_20171228_164051_thumb.jpg', '5', '2017-12-27', '2017-12-28 17:02:34', 'Competencia', '1');
INSERT INTO `clipping` VALUES ('27', '1', '14', null, '27_IMG_20171228_164057.jpg', '27_IMG_20171228_164057_thumb.jpg', '5', '2017-12-27', '2017-12-28 17:03:04', 'Competencia', '1');
INSERT INTO `clipping` VALUES ('28', '1', '8', null, '28_IMG_20171228_164153.jpg', '28_IMG_20171228_164153_thumb.jpg', '45', '2017-12-27', '2017-12-28 17:05:01', 'Competencia', '1');
INSERT INTO `clipping` VALUES ('29', '5', '2', null, '29_IMG_20171228_170240.jpg', '29_IMG_20171228_170240_thumb.jpg', '7', '2017-12-27', '2017-12-28 17:22:24', 'Competencia', '1');
INSERT INTO `clipping` VALUES ('30', '5', '13', null, '30_IMG_20171228_170223.jpg', '30_IMG_20171228_170223_thumb.jpg', null, '2017-12-27', '2017-12-28 17:25:21', 'Competencia', '1');
INSERT INTO `clipping` VALUES ('31', '5', '2', null, '31_IMG_20171228_170614.jpg', '31_IMG_20171228_170614_thumb.jpg', '25', '2017-12-27', '2017-12-28 17:26:54', 'Garden', '1');
INSERT INTO `clipping` VALUES ('32', '5', '15', null, '32_IMG_20171228_170645.jpg', '32_IMG_20171228_170645_thumb.jpg', null, '2017-12-27', '2017-12-28 17:27:26', 'Competencia', '1');
INSERT INTO `clipping` VALUES ('33', '3', '2', null, '33_IMG_20171228_172316.jpg', '33_IMG_20171228_172316_thumb.jpg', '21', '2017-12-27', '2017-12-28 17:33:27', 'Garden', '1');
INSERT INTO `clipping` VALUES ('34', '3', '2', null, '34_IMG_20171228_172324.jpg', '34_IMG_20171228_172324_thumb.jpg', '23', '2017-12-27', '2017-12-28 17:33:47', 'Garden', '1');
INSERT INTO `clipping` VALUES ('35', '3', '2', null, '35_IMG_20171228_180331.jpg', '35_IMG_20171228_180331_thumb.jpg', '21', '2017-12-28', '2017-12-28 18:16:21', 'Garden', '1');
INSERT INTO `clipping` VALUES ('36', '3', '2', null, '36_IMG_20171228_180339.jpg', '36_IMG_20171228_180339_thumb.jpg', '23', '2017-12-28', '2017-12-28 18:16:49', 'Garden', '1');
INSERT INTO `clipping` VALUES ('37', '5', '13', null, '37_IMG_20171228_181229.jpg', '37_IMG_20171228_181229_thumb.jpg', null, '2017-12-28', '2017-12-28 18:22:23', 'Competencia', '1');
INSERT INTO `clipping` VALUES ('38', '5', '2', null, '38_IMG_20171228_181333.jpg', '38_IMG_20171228_181333_thumb.jpg', '25', '2017-12-28', '2017-12-28 18:22:49', 'Garden', '1');
INSERT INTO `clipping` VALUES ('39', '5', '15', null, '39_IMG_20171228_181355.jpg', '39_IMG_20171228_181355_thumb.jpg', null, '2017-12-28', '2017-12-28 18:23:16', 'Competencia', '1');
INSERT INTO `clipping` VALUES ('40', '4', '16', null, '40_IMG_20171228_181741.jpg', '40_IMG_20171228_181741_thumb.jpg', '3', '2017-12-28', '2017-12-28 18:26:50', 'Competencia', '1');
INSERT INTO `clipping` VALUES ('41', '4', '14', null, '41_IMG_20171228_181808.jpg', '41_IMG_20171228_181808_thumb.jpg', '17', '2017-12-28', '2017-12-28 18:28:07', 'Garden', '1');
INSERT INTO `clipping` VALUES ('42', '4', '8', null, '42_IMG_20171228_181822.jpg', '42_IMG_20171228_181822_thumb.jpg', '23', '2017-12-28', '2017-12-28 18:28:40', 'Competencia', '1');

-- ----------------------------
-- Table structure for `marca`
-- ----------------------------
DROP TABLE IF EXISTS `marca`;
CREATE TABLE `marca` (
  `id` int(11) unsigned NOT NULL AUTO_INCREMENT,
  `descripcion` varchar(30) NOT NULL,
  `img` varchar(120) DEFAULT NULL,
  `orden` int(2) unsigned DEFAULT NULL,
  `estado` int(1) NOT NULL DEFAULT '1',
  PRIMARY KEY (`id`)
) ENGINE=InnoDB AUTO_INCREMENT=12 DEFAULT CHARSET=utf8;

-- ----------------------------
-- Records of marca
-- ----------------------------
INSERT INTO `marca` VALUES ('1', 'Kia', 'kia.png', '1', '1');
INSERT INTO `marca` VALUES ('2', 'Chevrolet', 'chevrolet.png', '4', '1');
INSERT INTO `marca` VALUES ('3', 'BMW Motorrad', 'bmw.png', '7', '1');
INSERT INTO `marca` VALUES ('4', 'MINI', 'mini.png', '8', '1');
INSERT INTO `marca` VALUES ('5', 'Jeep', 'jeep.png', '3', '1');
INSERT INTO `marca` VALUES ('6', 'Dodge', 'dodge.png', '6', '1');
INSERT INTO `marca` VALUES ('7', 'Chrysler', 'chrysler.png', '9', '1');
INSERT INTO `marca` VALUES ('8', 'Mazda', 'mazda.png', '5', '1');
INSERT INTO `marca` VALUES ('9', 'Nissan', 'nissan.png', '2', '1');
INSERT INTO `marca` VALUES ('10', 'Mopar', 'mopar.png', '11', '1');
INSERT INTO `marca` VALUES ('11', 'División Usados', 'usados.png', '10', '1');

-- ----------------------------
-- Table structure for `medio`
-- ----------------------------
DROP TABLE IF EXISTS `medio`;
CREATE TABLE `medio` (
  `id` int(11) unsigned NOT NULL AUTO_INCREMENT,
  `descripcion` varchar(60) DEFAULT NULL,
  `estado` int(1) unsigned DEFAULT '1',
  PRIMARY KEY (`id`)
) ENGINE=MyISAM AUTO_INCREMENT=6 DEFAULT CHARSET=utf8;

-- ----------------------------
-- Records of medio
-- ----------------------------
INSERT INTO `medio` VALUES ('1', 'ABC', '1');
INSERT INTO `medio` VALUES ('2', 'Última Hora', '1');
INSERT INTO `medio` VALUES ('3', 'La Nación', '1');
INSERT INTO `medio` VALUES ('4', 'ADN', '1');
INSERT INTO `medio` VALUES ('5', '5Dias', '1');

-- ----------------------------
-- Table structure for `noticia`
-- ----------------------------
DROP TABLE IF EXISTS `noticia`;
CREATE TABLE `noticia` (
  `id` int(11) unsigned NOT NULL AUTO_INCREMENT,
  `id_categoria` int(11) unsigned NOT NULL,
  `id_marca` int(11) unsigned DEFAULT NULL,
  `titulo` varchar(160) NOT NULL,
  `contenido` text,
  `img` varchar(120) DEFAULT NULL,
  `img_destacado` varchar(120) DEFAULT NULL,
  `tag` text,
  `video` varchar(120) DEFAULT NULL,
  `fecha_visible` datetime DEFAULT NULL,
  `fecha_publicacion` datetime NOT NULL,
  `destacado` enum('PRINCIPAL','RRHH','MARCAS','VARIOS','VIDEO') DEFAULT NULL,
  `orden` int(1) unsigned DEFAULT NULL,
  `estado` int(1) unsigned NOT NULL DEFAULT '1',
  PRIMARY KEY (`id`)
) ENGINE=InnoDB AUTO_INCREMENT=30 DEFAULT CHARSET=utf8;

-- ----------------------------
-- Records of noticia
-- ----------------------------
INSERT INTO `noticia` VALUES ('1', '1', '1', 'Novedades para el 2018', '<p>Recientemente <strong>Kia </strong>obtuvo tres premios &ldquo;<strong>Good Design 2017</strong>&rdquo; por los dise&ntilde;os del <strong>All New Rio, Stinger</strong> y <strong>Niro</strong>.&nbsp;Estos galardones fueron otorgados en la categor&iacute;a &ldquo;Transporte&rdquo;, siendo el octavo a&ntilde;o consecutivo que la marca coreana logra estos reconocimientos. Este certamen de&nbsp;&ldquo;<strong>Good Design</strong>&rdquo; se estableci&oacute;&nbsp;en 1950 y est&aacute; organizado por el&nbsp;Chicago Athenaeum Museum of Architecture and Design&nbsp;en cooperaci&oacute;n con el Centro Europeo de Arquitectura, Arte, Dise&ntilde;o y Estudios Urbanos, contando con un jurado formado por&nbsp;profesionales del dise&ntilde;o&nbsp;y especialistas de diversas industrias.</p>\r\n\r\n<p>Respecto a esta premiaci&oacute;n se pronunci&oacute;&nbsp;<strong>Seon Ho Youn</strong>, Jefe del Centro de Dise&ntilde;o Kia en Kia Motors. &ldquo;<em>Nuestros dise&ntilde;adores de todo el mundo han trabajado sin descanso y en equipo para hacer&nbsp;nuevos modelos elegantes para el mercado, atrayendo nuevos clientes y dando a conocer la marca&nbsp;a trav&eacute;s de un hermoso e impactante dise&ntilde;o. Estos premios son un reconocimiento al excelente trabajo del equipo de Dise&ntilde;o de Kia&rdquo;</em>, se&ntilde;al&oacute;.</p>\r\n\r\n<p>Este 2017 cerrar&aacute; como uno de los a&ntilde;os m&aacute;s importantes de&nbsp;<strong>Kia Motors&nbsp;</strong>en el continente europeo y tambi&eacute;n para nuestro pa&iacute;s. Adem&aacute;s de unas ventas sensacionales, han aumentado la familia de modelos con productos&nbsp;que continuar&aacute;n mejorando la imagen de la marca.&nbsp;</p>\r\n\r\n<p>La primera novedad del a&ntilde;o 2018 llegar&aacute; justo en enero, se trata del&nbsp;<strong>Kia Picanto X-Line</strong>&nbsp;con un&nbsp;interesante motor de sobrealimentaci&oacute;n 1.0 TGDI de 100 CV con caja manual de cinco velocidades. Para nuestro pa&iacute;s est&aacute; previsto el lanzamiento del All New Picanto para mediados de enero, con una gran activaci&oacute;n en el Carnaval Encarnaceno.</p>\r\n\r\n<p>El&nbsp;<strong>Stinger&nbsp;</strong>ha sido lanzado hace unas semanas pero realmente ser&aacute; en 2018 ser&aacute; el gran lanzamiento a nivel global.&nbsp;</p>\r\n\r\n<p>En febrero ser&aacute;&nbsp;el turno para el renovado<strong>&nbsp;Sorento;</strong>&nbsp;el nuevo acabado <strong>GT-Line.</strong> De aspecto m&aacute;s deportivo y elegante, adem&aacute;s puede incluir la nueva transmisi&oacute;n autom&aacute;tica de ocho velocidades que mejora con creces el funcionamiento de la anterior caja de seis relaciones.</p>\r\n\r\n<p>Tanto los&nbsp;<strong>Rio</strong>&nbsp;como los&nbsp;<strong>Optima,&nbsp;Soul&nbsp;</strong>y<strong>&nbsp;Carens</strong>&nbsp;deber&iacute;an mantenerse casi sin cambios, con la &uacute;nica salvedad de posibles series especiales para hacerlos m&aacute;s atractivos. El&nbsp;<strong>Stonic</strong>&nbsp;tampoco cambiar&aacute; mucho aunque s&iacute; recibir&aacute; el motor 1.0 TGDI de 100 CV como opci&oacute;n de acceso y una caja de doble embrague/autom&aacute;tica.</p>\r\n\r\n<p>La gama del&nbsp;<strong>Niro</strong>, actualmente formada por los h&iacute;bridos HEV y PHEV se enriquecer&aacute; en la &uacute;ltima parte del a&ntilde;o con la versi&oacute;n 100% el&eacute;ctrica que compartir&aacute; un gran&nbsp;n&uacute;mero de elementos con el Ioniq EV. Se supone tendr&aacute; una autonom&iacute;a de unos 280-300 km seg&uacute;n la homologaci&oacute;n y peque&ntilde;os cambios est&eacute;ticos tanto en exterior como en el habit&aacute;culo.</p>\r\n\r\n<p>La mayor novedad del 2018 ser&aacute; el nuevo<strong>&nbsp;Kia Cee&rsquo;d</strong>&nbsp;que llegar&aacute; con carrocer&iacute;a de cinco puertas y una est&eacute;tica impactante con la deportividad muy marcada.&nbsp;</p>\r\n', '1_kia_picanto_x-line.jpg', '1_kia_picanto_x-line_thumb.jpg', 'Picanto,All New Rio,Sorento,Stinger,Niro,Kia Motors,Stonic,Optima,Soul,Kia Ceed', null, '2017-12-26 00:00:00', '2017-12-15 16:18:31', 'PRINCIPAL', '1', '1');
INSERT INTO `noticia` VALUES ('2', '1', '1', '5 estrellas en la Euro NCAP para el Stonic y Stinger', '<p>La nueva berlina deportiva Kia Stinger y el crossover compacto Stonic han sido calificados con la m&aacute;xima puntuaci&oacute;n en las pruebas de seguridad Euro NCAP. Ambos modelos recibieron la puntuaci&oacute;n de Cinco Estrellas del organismo Euro NCAP; el Kia Stinger obtuvo esa calificaci&oacute;n en todas las motorizaciones y variantes disponibles, mientras que el Kia Stonic &uacute;nicamente en las versiones equipadas con el Pack opcional Advanced Driving Assistance.</p>\r\n\r\n<p>Esta organizaci&oacute;n independiente para la evaluaci&oacute;n de la seguridad otorg&oacute; al Stinger 93% en protecci&oacute;n de ocupantes adultos, 81% para protecci&oacute;n de ocupantes infantiles, 78% para protecci&oacute;n de peatones y 82% en la nueva categor&iacute;a &quot;Asistencia de seguridad&quot;. Por su parte, el Kia Stonic equipado con el Pack avanzado de Asistencia a la conducci&oacute;n recibi&oacute; una puntuaci&oacute;n de 93% a su protecci&oacute;n de adultos, un 84% por la seguridad de ocupantes menores de edad, 71% por la seguridad de los peatones, y un 59% en la categor&iacute;a de asistencia a la seguridad.</p>\r\n\r\n<p>Estos resultados son posibles gracias al bastidor hecho con Acero Avanzado de Alta Resistencia del Stinger, junto con siete airbags de serie (frontales para el conductor y el acompa&ntilde;ante, laterales delanteros, de cortina y de rodillas en el lado del conductor) y una amplia gama de dispositivos de seguridad pasiva y activa de tecnolog&iacute;a avanzada.</p>\r\n\r\n<p>Euro NCAP ha alabado en particular c&oacute;mo el espacio para los pasajeros permanece estable en una colisi&oacute;n, con niveles muy altos de seguridad para pasajeros de diferente estatura y en cada uno de los asientos; asimismo, todos ellos est&aacute;n bien protegidos contra el latigazo cervical. En un peat&oacute;n, el efecto de un eventual impacto est&aacute; mitigado por un cap&oacute; que se eleva de forma activa. El sistema de asistencia de Frenada de Emergencia ha obtenido la m&aacute;xima puntuaci&oacute;n en la categor&iacute;a &quot;Asistencia de seguridad&quot; por ayudar a evitar todos los impactos durante las pruebas.</p>\r\n\r\n<p><strong>Dispositivos avanzados de seguridad activa</strong></p>\r\n\r\n<p>El Kia Stinger estar&aacute; disponible con los m&aacute;s modernos sistemas avanzados de asistencia a la conducci&oacute;n (Advanced Driving Assistance Systems ADAS) de Kia, como el el Sistema de Gesti&oacute;n de Estabilidad del Veh&iacute;culo (Vehicle Stability Management VSM) y el Control Electr&oacute;nico de Estabilidad (Electronic Stability Control ESC), ambos de serie. Otros dispositivos ADAS disponibles son: aviso de colisi&oacute;n frontal y frenada de emergencia aut&oacute;noma con detecci&oacute;n de peatones; control de crucero adaptativo; sistema de asistencia de mantenimiento en el carril; sistema de alerta de tr&aacute;fico trasero; c&aacute;mara de visi&oacute;n 360&ordm;; sistema de detecci&oacute;n de veh&iacute;culo en el &aacute;ngulo muerto; y asistente din&aacute;mico para luces de carretera.&nbsp;</p>\r\n\r\n<p>Como novedad para Kia, el Stinger tambi&eacute;n est&aacute; disponible con el sistema de alerta de la atenci&oacute;n del conductor (Driver Attention Alert DAA), que previene la distracci&oacute;n y la somnolencia al conducir. En Europa, se estima que la fatiga del conductor es un factor clave en uno de cada cuatro accidentes mortales. El sistema monitoriza una serie de par&aacute;metros del veh&iacute;culo y del conductor y, si detecta una ca&iacute;da en la atenci&oacute;n del conductor, da una alarma sonora y muestra un aviso en la instrumentaci&oacute;n.&nbsp;Las tecnolog&iacute;as ADAS disponibles en el Kia Stinger incluyen: Sistema de asistencia de frenada de emergencia con reconocimiento de peatones; Detector de &aacute;ngulo muerto y alerta de tr&aacute;fico trasero; advertencia de abandono de carril. El Sistema de Mantenimiento de Carril tambi&eacute;n estar&aacute; disponible para clientes de Stonic desde mediados de 2018. DAW est&aacute; disponible como una opci&oacute;n en el Kia Stinger, mientras que el Kia Stonic viene equipado de serie con VSM y ESC.</p>\r\n\r\n<p>En lo referente al Kia Stinger, su motor de gasolina de altas prestaciones V6 de 3,3 l biturbo lo convierte en el modelo m&aacute;s potente y con mayor aceleraci&oacute;n producido por Kia; todos sus motores est&aacute;n combinados con una caja de cambios autom&aacute;tica de ocho velocidades.</p>\r\n', '2_Stonic-1000.jpg', '2_Stonic-1000_thumb.jpg', 'Stonic,Stinger,Euro NCAP,Seguridad,Kia', null, '2017-12-26 00:00:00', '2017-12-15 16:20:58', 'PRINCIPAL', '2', '1');
INSERT INTO `noticia` VALUES ('3', '1', '9', 'Nissan Leaf todo un éxito', '<p>Nissan acumula 10.000 reservas de nuevo Leaf en Europa sin estar a&uacute;n en venta.</p>\r\n\r\n<p>El Nissan Leaf alcanza en dos meses los 10.000 pedidos en toda Europa, tras su presentaci&oacute;n en octubre y sin haber todav&iacute;a llegado a los concesionarios. Una demostraci&oacute;n del inter&eacute;s de los conductores por el coche el&eacute;ctrico y de una nueva forma de vender coches.</p>\r\n\r\n<p>En comparaci&oacute;n con las ventas iniciales de la primera generaci&oacute;n del Nissan Leaf en 2010, que se contaban por cientos, los concesionarios Nissan de toda Europa, seis semanas antes del inicio formal de las ventas, ya han recibido&nbsp;10.000 pedidos de la segunda generaci&oacute;n del el&eacute;ctrico japon&eacute;s. Desde 2012, la demanda de veh&iacute;culo el&eacute;ctrico se ha multiplicado por cinco.</p>\r\n\r\n<p>Una circunstancia que no solo demuestra&nbsp;el inter&eacute;s creciente por la movilidad el&eacute;ctrica por parte de los compradores, que aumenta con cada modelo que sale al mercado. Tambi&eacute;n es una demostraci&oacute;n de una nueva forma de adquirir un coche, &nbsp;en este caso sin que todav&iacute;a haya llegado a los concesionarios y de que muchos de los futuros propietarios hayan podido verlo f&iacute;sicamente y mucho menos probarlo.</p>\r\n\r\n<p>Gareth Dunsmore, director de Veh&iacute;culos El&eacute;ctricos de Nissan Europa: &ldquo;<em>Estamos encantados por el inter&eacute;s que hemos recibido de los clientes por el nuevo Leaf ya que&nbsp;esto confirma el liderazgo de Nissan en el segmento de los veh&iacute;culos el&eacute;ctricos. En cualquier caso, el nuevo Leaf no es&nbsp;solo la pr&oacute;xima generaci&oacute;n de nuestro veh&iacute;culo el&eacute;ctrico sino el icono de la Movilidad Inteligente de Nissan en Europa</em>&rdquo;.</p>\r\n\r\n<p>El nuevo Nissan Leaf&nbsp;se present&oacute; en Jap&oacute;n en septiembre de este a&ntilde;o.&nbsp;A principios de octubre se publicaron las especificaciones iniciales durante el evento&nbsp;Futures 3.0 de Nissan en Oslo, Noruega. En Espa&ntilde;a se abri&oacute; la&nbsp;plataforma de reserva de la edici&oacute;n especial 2.ZERO del Leaf&nbsp;(tambi&eacute;n a trav&eacute;s de los concesionarios), que r&aacute;pidamente agot&oacute; las 100 primeras unidades,&nbsp;y fue ampliada posteriormente a otras 100. Con el arranque de la producci&oacute;n en Sunderland, Reino Unido esta semana&nbsp;Nissan Espa&ntilde;a ha hecho p&uacute;blicos los precios&nbsp;de las cuatro versiones del Nissan Leaf en las que se comercializar&aacute;. Todos los mercados europeos est&aacute;n tambi&eacute;n confirmando su gama completa de niveles de equipamiento y sus precios de lanzamiento para el nuevo Leaf.</p>\r\n', '3_2017_11_08_CES_2018_Innovation_Awards___LEAF_Global_Photo_02.jpg', '3_2017_11_08_CES_2018_Innovation_Awards___LEAF_Global_Photo_02_thumb.jpg', 'loremp,ipsum,tag,contenido', null, '2017-12-15 00:00:00', '2017-12-15 16:21:50', 'PRINCIPAL', '3', '1');
INSERT INTO `noticia` VALUES ('4', '1', '4', 'Mini cambia su logotipo', '<p>El fabricante de autom&oacute;viles Mini ha cambiado su logotipo, que podr&aacute; verse en sus coches a partir de marzo de 2018 en el cap&oacute;, en la zaga, en el centro del volante y en la llave de los veh&iacute;culos. El logo combina elementos del estilo inicial del Mini cl&aacute;sico con una imagen orientada al futuro que&nbsp;se centra en lo esencial, ha explicado la marca en un comunicado.</p>\r\n\r\n<p>Est&aacute; inspirado en el&nbsp;estilo tridimensional de la imagen&nbsp;existente desde el relanzamiento de la marca en 2001 (cuando la adquiri&oacute; BMW), aplicando una forma de expresi&oacute;n visual conocida como &ldquo;flat design&rdquo; o&nbsp;dise&ntilde;o plano, que mantiene los elementos gr&aacute;ficos clave.</p>\r\n\r\n<p>Para Mini la conservaci&oacute;n de lo fundamental, con el dise&ntilde;o impregnado de tradici&oacute;n del c&iacute;rculo alado con el nombre de la&nbsp;marca escrito en letras may&uacute;sculas en el centro, garantiza que el logotipo&nbsp;sea reconocible al instante.</p>\r\n\r\n<p>La marca brit&aacute;nica ha asegurado que al haberse evitado &ldquo;deliberadamente&rdquo; el uso de sombras y de tonos grises, se crea un &ldquo;contundente&rdquo; efecto de contraste entre el blanco y el negro que transmite &ldquo;la&nbsp;claridad y autenticidad de la nueva identidad de marca&ldquo;.</p>\r\n\r\n<p>Adem&aacute;s, su car&aacute;cter bidimensional permite una aplicaci&oacute;n universal, ha a&ntilde;adido.&nbsp;Con el nuevo logotipo, Mini inicia otro cap&iacute;tulo de la variada historia de su imagen.&nbsp;</p>\r\n\r\n<p>La combinaci&oacute;n de los s&iacute;mbolos del c&iacute;rculo y las alas se remonta a 1959, cuando la British Motor Corporation (BMC) lanz&oacute; al mercado el&nbsp;Morris Mini-Minor&nbsp;junto con el&nbsp;Austin&nbsp;Seven, estructuralmente id&eacute;ntico.</p>\r\n\r\n<p>La nueva edici&oacute;n del Mini Cooper de 1990 experiment&oacute; un cambio respecto a estos estrictos principios: se produjo un&nbsp;retorno al dise&ntilde;o del logotipo tradicional y un enfoque centrado en los m&eacute;ritos deportivos del Mini cl&aacute;sico.</p>\r\n\r\n<p>Un volante en cromo con alas estilizadas emulaba el logotipo del Morris Mini-Minor, pero en vez del buey y las olas, aparec&iacute;a la inscripci&oacute;n Mini Cooper en rojo, con una corona de laurel verde sobre fondo blanco.</p>\r\n\r\n<p>En 1996, esta variante se aplic&oacute; a otros modelos con un fondo modificado y la inscripci&oacute;n Mini, que se mostraba destacada sobre un fondo verde.</p>\r\n\r\n<p>Solo unos pocos a&ntilde;os despu&eacute;s, durante los preparativos del nuevo lanzamiento de la marca se tom&oacute; la decisi&oacute;n de redefinir la identidad de Mini y tambi&eacute;n su logotipo.</p>\r\n\r\n<p>En este caso, se tom&oacute; como base el dise&ntilde;o del &uacute;ltimo logotipo utilizado para el Mini cl&aacute;sico y se moderniz&oacute;.</p>\r\n\r\n<p>En su presentaci&oacute;n en noviembre de 2000, el Mini moderno apareci&oacute; con un&nbsp;logotipo de dise&ntilde;o tridimensional, con la inscripci&oacute;n de la marca en blanco sobre fondo negro.</p>\r\n', '4_MINI5D.jpg', '4_MINI5D_thumb.jpg', 'MINI,JCW,MINI Cooper,British Motor Corporation', null, '2017-12-15 00:00:00', '2017-12-15 16:22:42', 'PRINCIPAL', '4', '1');
INSERT INTO `noticia` VALUES ('5', '3', null, 'Bolsa de Trabajo', '<p>Para conocer de las vacantes disponibles pueden estar siempre conectados a nuestra p&aacute;gina de Facebook.&nbsp;</p>\r\n\r\n<p>https://www.facebook.com/Grupo-Garden-Bolsa-de-Trabajo-1728250114060655/</p>\r\n\r\n<p>&nbsp;</p>\r\n', '5_edificio.jpg', null, 'RRHH,Bolsa de Trabajo', null, '2017-12-26 00:00:00', '2017-12-15 10:53:36', 'RRHH', '1', '1');
INSERT INTO `noticia` VALUES ('6', '3', null, 'Morbi lobortis aliquam orci', '<p>Lorem ipsum dolor sit amet, consectetur adipiscing elit. Mauris tristique ultrices fermentum. Interdum et malesuada fames ac ante ipsum primis in faucibus. Praesent ullamcorper dictum leo quis vehicula. Sed vel purus accumsan, congue magna vitae, tempor dolor. Integer euismod ante et nulla consectetur, eu ullamcorper neque semper. Donec nec ligula lectus. Proin tempus, sem sit amet tincidunt ornare, sapien nisi volutpat lacus, rutrum cursus ex nibh consequat magna. Interdum et malesuada fames ac ante ipsum primis in faucibus. Vivamus suscipit dapibus accumsan.</p>\r\n<p>Morbi lobortis aliquam orci, fermentum varius mi imperdiet id. Vivamus in nisl a magna viverra hendrerit. Morbi tempor ligula at dolor facilisis volutpat. Sed interdum sapien at magna ultrices, et tristique enim sollicitudin. Phasellus id neque vel nunc scelerisque dignissim. Donec non aliquet ex. Sed congue sit amet arcu sed aliquam. Nullam sed metus congue, blandit ante sagittis, dapibus massa. Nunc blandit dictum ipsum nec euismod. Integer quis dapibus erat. Sed ac felis at arcu tincidunt efficitur. Integer id molestie dui. Donec scelerisque, nisl eget ultricies lacinia, mi ipsum suscipit massa, non fermentum purus enim vitae elit. Praesent maximus, augue ut auctor condimentum, justo nisl tristique mauris, tincidunt mattis libero sapien non ante. Sed faucibus, est eu luctus semper, mauris lectus faucibus massa, sit amet molestie enim mi eu enim.</p>\r\n<p>Morbi viverra ipsum eget tortor laoreet tempor. Aliquam blandit libero vitae dolor ultricies, sit amet ultrices lectus blandit. Quisque gravida quam ac enim tristique bibendum sed in diam. Vivamus et dui in dolor pharetra ullamcorper. Aenean placerat, velit at pharetra elementum, diam felis tristique turpis, in rhoncus ligula arcu in massa. Etiam et mauris varius, dignissim dolor non, mollis sapien. Integer libero diam, rhoncus sed tincidunt sed, suscipit nec tellus. Cras posuere erat est. Morbi vel interdum sem. Donec volutpat, enim quis volutpat interdum, diam metus blandit tellus, nec venenatis quam turpis ac dolor.</p>\r\n<p>Mauris faucibus lobortis imperdiet. Nam vel dui vel lectus mattis rhoncus eu non lorem. In interdum mauris in aliquam efficitur. Quisque auctor laoreet laoreet. Pellentesque consequat leo metus, quis finibus tellus convallis quis. Nullam et ligula sit amet odio mattis suscipit et eget ex. Ut dictum felis a tellus iaculis, sit amet tincidunt magna placerat. Suspendisse luctus aliquet tristique. Etiam cursus ornare tortor, eu feugiat nisi cursus ac. Morbi laoreet quam leo, ut laoreet turpis tempor et. Donec at ligula sit amet augue maximus gravida. In hac habitasse platea dictumst.</p>\r\n<p>Duis maximus nisl quis neque fermentum interdum. In hac habitasse platea dictumst. Donec interdum, purus nec feugiat vulputate, erat felis sodales metus, ac interdum dolor est et est. Nam ut ultricies velit, commodo convallis ligula. Curabitur sed sapien risus. Aliquam eu ex eros. Maecenas congue, est sed laoreet dapibus, turpis turpis molestie mi, id convallis tortor sem blandit enim. Proin est mauris, tincidunt ut scelerisque id, tincidunt nec odio. In ultricies, turpis eget pulvinar lobortis, erat massa varius ipsum, et porta lacus mauris dignissim libero. Vestibulum malesuada varius purus, eget accumsan risus iaculis et. Fusce et erat imperdiet, pellentesque metus at, pellentesque ante. Vivamus at convallis ligula. Nullam sed purus odio. Integer sed lacus nibh. Duis tristique eu augue tempus efficitur. Morbi iaculis tortor quis nunc dignissim, sed porta dolor convallis.</p>', 'index_800x400-image05.jpg', null, 'loremp, ipsum, tag', null, '2017-12-15 11:04:06', '2017-12-15 11:04:01', 'RRHH', '2', '0');
INSERT INTO `noticia` VALUES ('7', '3', null, 'Morbi viverra ipsum eget tortor laoreet tempor', '<p>Lorem ipsum dolor sit amet, consectetur adipiscing elit. Mauris tristique ultrices fermentum. Interdum et malesuada fames ac ante ipsum primis in faucibus. Praesent ullamcorper dictum leo quis vehicula. Sed vel purus accumsan, congue magna vitae, tempor dolor. Integer euismod ante et nulla consectetur, eu ullamcorper neque semper. Donec nec ligula lectus. Proin tempus, sem sit amet tincidunt ornare, sapien nisi volutpat lacus, rutrum cursus ex nibh consequat magna. Interdum et malesuada fames ac ante ipsum primis in faucibus. Vivamus suscipit dapibus accumsan.</p>\r\n<p>Morbi lobortis aliquam orci, fermentum varius mi imperdiet id. Vivamus in nisl a magna viverra hendrerit. Morbi tempor ligula at dolor facilisis volutpat. Sed interdum sapien at magna ultrices, et tristique enim sollicitudin. Phasellus id neque vel nunc scelerisque dignissim. Donec non aliquet ex. Sed congue sit amet arcu sed aliquam. Nullam sed metus congue, blandit ante sagittis, dapibus massa. Nunc blandit dictum ipsum nec euismod. Integer quis dapibus erat. Sed ac felis at arcu tincidunt efficitur. Integer id molestie dui. Donec scelerisque, nisl eget ultricies lacinia, mi ipsum suscipit massa, non fermentum purus enim vitae elit. Praesent maximus, augue ut auctor condimentum, justo nisl tristique mauris, tincidunt mattis libero sapien non ante. Sed faucibus, est eu luctus semper, mauris lectus faucibus massa, sit amet molestie enim mi eu enim.</p>\r\n<p>Morbi viverra ipsum eget tortor laoreet tempor. Aliquam blandit libero vitae dolor ultricies, sit amet ultrices lectus blandit. Quisque gravida quam ac enim tristique bibendum sed in diam. Vivamus et dui in dolor pharetra ullamcorper. Aenean placerat, velit at pharetra elementum, diam felis tristique turpis, in rhoncus ligula arcu in massa. Etiam et mauris varius, dignissim dolor non, mollis sapien. Integer libero diam, rhoncus sed tincidunt sed, suscipit nec tellus. Cras posuere erat est. Morbi vel interdum sem. Donec volutpat, enim quis volutpat interdum, diam metus blandit tellus, nec venenatis quam turpis ac dolor.</p>\r\n<p>Mauris faucibus lobortis imperdiet. Nam vel dui vel lectus mattis rhoncus eu non lorem. In interdum mauris in aliquam efficitur. Quisque auctor laoreet laoreet. Pellentesque consequat leo metus, quis finibus tellus convallis quis. Nullam et ligula sit amet odio mattis suscipit et eget ex. Ut dictum felis a tellus iaculis, sit amet tincidunt magna placerat. Suspendisse luctus aliquet tristique. Etiam cursus ornare tortor, eu feugiat nisi cursus ac. Morbi laoreet quam leo, ut laoreet turpis tempor et. Donec at ligula sit amet augue maximus gravida. In hac habitasse platea dictumst.</p>\r\n<p>Duis maximus nisl quis neque fermentum interdum. In hac habitasse platea dictumst. Donec interdum, purus nec feugiat vulputate, erat felis sodales metus, ac interdum dolor est et est. Nam ut ultricies velit, commodo convallis ligula. Curabitur sed sapien risus. Aliquam eu ex eros. Maecenas congue, est sed laoreet dapibus, turpis turpis molestie mi, id convallis tortor sem blandit enim. Proin est mauris, tincidunt ut scelerisque id, tincidunt nec odio. In ultricies, turpis eget pulvinar lobortis, erat massa varius ipsum, et porta lacus mauris dignissim libero. Vestibulum malesuada varius purus, eget accumsan risus iaculis et. Fusce et erat imperdiet, pellentesque metus at, pellentesque ante. Vivamus at convallis ligula. Nullam sed purus odio. Integer sed lacus nibh. Duis tristique eu augue tempus efficitur. Morbi iaculis tortor quis nunc dignissim, sed porta dolor convallis.</p>', 'index_800x400-image05.jpg', null, 'loremp, ipsum, tag', null, '2017-12-15 14:55:52', '2017-12-15 14:55:48', 'RRHH', '3', '0');
INSERT INTO `noticia` VALUES ('8', '3', null, 'Mauris faucibus lobortis imperdiet', '<p>Lorem ipsum dolor sit amet, consectetur adipiscing elit. Mauris tristique ultrices fermentum. Interdum et malesuada fames ac ante ipsum primis in faucibus. Praesent ullamcorper dictum leo quis vehicula. Sed vel purus accumsan, congue magna vitae, tempor dolor. Integer euismod ante et nulla consectetur, eu ullamcorper neque semper. Donec nec ligula lectus. Proin tempus, sem sit amet tincidunt ornare, sapien nisi volutpat lacus, rutrum cursus ex nibh consequat magna. Interdum et malesuada fames ac ante ipsum primis in faucibus. Vivamus suscipit dapibus accumsan.</p>\r\n<p>Morbi lobortis aliquam orci, fermentum varius mi imperdiet id. Vivamus in nisl a magna viverra hendrerit. Morbi tempor ligula at dolor facilisis volutpat. Sed interdum sapien at magna ultrices, et tristique enim sollicitudin. Phasellus id neque vel nunc scelerisque dignissim. Donec non aliquet ex. Sed congue sit amet arcu sed aliquam. Nullam sed metus congue, blandit ante sagittis, dapibus massa. Nunc blandit dictum ipsum nec euismod. Integer quis dapibus erat. Sed ac felis at arcu tincidunt efficitur. Integer id molestie dui. Donec scelerisque, nisl eget ultricies lacinia, mi ipsum suscipit massa, non fermentum purus enim vitae elit. Praesent maximus, augue ut auctor condimentum, justo nisl tristique mauris, tincidunt mattis libero sapien non ante. Sed faucibus, est eu luctus semper, mauris lectus faucibus massa, sit amet molestie enim mi eu enim.</p>\r\n<p>Morbi viverra ipsum eget tortor laoreet tempor. Aliquam blandit libero vitae dolor ultricies, sit amet ultrices lectus blandit. Quisque gravida quam ac enim tristique bibendum sed in diam. Vivamus et dui in dolor pharetra ullamcorper. Aenean placerat, velit at pharetra elementum, diam felis tristique turpis, in rhoncus ligula arcu in massa. Etiam et mauris varius, dignissim dolor non, mollis sapien. Integer libero diam, rhoncus sed tincidunt sed, suscipit nec tellus. Cras posuere erat est. Morbi vel interdum sem. Donec volutpat, enim quis volutpat interdum, diam metus blandit tellus, nec venenatis quam turpis ac dolor.</p>\r\n<p>Mauris faucibus lobortis imperdiet. Nam vel dui vel lectus mattis rhoncus eu non lorem. In interdum mauris in aliquam efficitur. Quisque auctor laoreet laoreet. Pellentesque consequat leo metus, quis finibus tellus convallis quis. Nullam et ligula sit amet odio mattis suscipit et eget ex. Ut dictum felis a tellus iaculis, sit amet tincidunt magna placerat. Suspendisse luctus aliquet tristique. Etiam cursus ornare tortor, eu feugiat nisi cursus ac. Morbi laoreet quam leo, ut laoreet turpis tempor et. Donec at ligula sit amet augue maximus gravida. In hac habitasse platea dictumst.</p>\r\n<p>Duis maximus nisl quis neque fermentum interdum. In hac habitasse platea dictumst. Donec interdum, purus nec feugiat vulputate, erat felis sodales metus, ac interdum dolor est et est. Nam ut ultricies velit, commodo convallis ligula. Curabitur sed sapien risus. Aliquam eu ex eros. Maecenas congue, est sed laoreet dapibus, turpis turpis molestie mi, id convallis tortor sem blandit enim. Proin est mauris, tincidunt ut scelerisque id, tincidunt nec odio. In ultricies, turpis eget pulvinar lobortis, erat massa varius ipsum, et porta lacus mauris dignissim libero. Vestibulum malesuada varius purus, eget accumsan risus iaculis et. Fusce et erat imperdiet, pellentesque metus at, pellentesque ante. Vivamus at convallis ligula. Nullam sed purus odio. Integer sed lacus nibh. Duis tristique eu augue tempus efficitur. Morbi iaculis tortor quis nunc dignissim, sed porta dolor convallis.</p>', 'index_800x400-image05.jpg', null, 'loremp, ipsum, tag', null, '2017-12-15 14:59:16', '2017-12-15 14:59:19', 'RRHH', '4', '0');
INSERT INTO `noticia` VALUES ('9', '1', '5', 'Lorem ipsum dolor sit amet', '<p>Lorem ipsum dolor sit amet, consectetur adipiscing elit. Cras sed porttitor massa. In mollis sollicitudin tortor non aliquam. Nulla ut maximus leo, ac faucibus est. Vivamus tristique, tortor in venenatis ultrices, nisi urna porttitor purus, sed sollicitudin tortor metus in diam. Interdum et malesuada fames ac ante ipsum primis in faucibus. Nullam ultrices ligula at velit sollicitudin faucibus. Cras vulputate iaculis libero ut rutrum. Aliquam scelerisque nunc vel libero aliquet, et ultricies lectus tincidunt. Vestibulum egestas consequat varius. Cras id enim et neque sollicitudin luctus. Aenean sagittis, erat et porttitor congue, erat turpis consequat turpis, eu tempor orci velit quis leo. Cras et diam libero. Aenean a feugiat ipsum. Vestibulum tristique aliquet elit ac pharetra. Praesent a elit at dui imperdiet sagittis.</p>\r\n<p>Praesent egestas volutpat lectus, et aliquam ipsum rutrum et. Sed laoreet interdum libero. Etiam id justo id nisl lobortis sodales. Mauris vel metus finibus justo placerat eleifend ut sed quam. Nulla facilisi. Nulla imperdiet feugiat est, in accumsan sapien accumsan eget. Sed dapibus felis ultricies turpis maximus aliquam. Curabitur euismod iaculis nibh, vitae vehicula turpis auctor at. Duis pellentesque rutrum nulla. Nam diam lorem, finibus vel sem et, ultrices vestibulum urna. Fusce laoreet, justo nec pulvinar sodales, magna velit malesuada ipsum, nec porttitor libero quam hendrerit lorem. Quisque ut rutrum justo, id rhoncus risus. Ut et orci ultricies, sodales dolor id, facilisis odio. Nullam quis sollicitudin erat.</p>\r\n<p>Vivamus ante orci, maximus a est ac, interdum dapibus nulla. Sed vestibulum vitae elit et maximus. Sed finibus, arcu ac hendrerit elementum, odio urna cursus est, sed malesuada turpis orci eu turpis. Aenean posuere fermentum lacus a consectetur. Pellentesque commodo ex id cursus sagittis. Praesent et tristique nunc. Nulla facilisi. Nullam orci elit, sollicitudin nec malesuada nec, mollis ac magna. Sed dictum justo ac mauris aliquam scelerisque. Nullam ultricies, erat id vestibulum fringilla, mi mi ultricies velit, vestibulum convallis eros est et est. Ut dolor tellus, facilisis non elementum eget, interdum id metus.</p>\r\n<p>In sodales et dui sit amet pharetra. Phasellus neque erat, efficitur eu porta vel, porta ac massa. Vestibulum porta nulla leo, at luctus erat ultricies quis. Phasellus non nulla ac ante condimentum sollicitudin. Ut vitae enim nulla. Quisque accumsan, nisi eu hendrerit eleifend, nisi elit fringilla orci, sed tristique ipsum est in ante. Quisque tincidunt eleifend leo, in cursus felis sollicitudin aliquet. Etiam ornare velit a nisl vestibulum, at lacinia tortor luctus. Mauris non ornare ante. Nullam nisi risus, consectetur eget pretium quis, bibendum at mi. In rutrum urna varius quam porttitor, in posuere odio rhoncus. Donec volutpat, lorem at molestie fringilla, ipsum sapien maximus lectus, sed ultricies ante urna et enim. Proin vel iaculis dolor, quis varius dui. Quisque ultrices lorem nec iaculis posuere. Phasellus eu sollicitudin massa, vitae venenatis nisi. Nullam vehicula tincidunt laoreet.</p>\r\n<p>Etiam sollicitudin nibh accumsan, tristique leo eu, porta quam. Integer lacinia nulla ac ex congue, accumsan condimentum tellus eleifend. Vivamus pharetra magna eu diam finibus, eu pellentesque diam viverra. Sed pulvinar ullamcorper magna efficitur consectetur. Duis accumsan et nunc finibus rutrum. Pellentesque convallis tincidunt vestibulum. Mauris congue dapibus diam. Vivamus porta consectetur dignissim.</p>', 'index_370x185-image02.jpg', null, 'loremp, ipsum, tag', null, '2017-12-18 08:41:31', '2017-12-18 08:41:21', null, null, '0');
INSERT INTO `noticia` VALUES ('10', '1', '6', 'Praesent egestas volutpat lectus', '<p>Lorem ipsum dolor sit amet, consectetur adipiscing elit. Cras sed porttitor massa. In mollis sollicitudin tortor non aliquam. Nulla ut maximus leo, ac faucibus est. Vivamus tristique, tortor in venenatis ultrices, nisi urna porttitor purus, sed sollicitudin tortor metus in diam. Interdum et malesuada fames ac ante ipsum primis in faucibus. Nullam ultrices ligula at velit sollicitudin faucibus. Cras vulputate iaculis libero ut rutrum. Aliquam scelerisque nunc vel libero aliquet, et ultricies lectus tincidunt. Vestibulum egestas consequat varius. Cras id enim et neque sollicitudin luctus. Aenean sagittis, erat et porttitor congue, erat turpis consequat turpis, eu tempor orci velit quis leo. Cras et diam libero. Aenean a feugiat ipsum. Vestibulum tristique aliquet elit ac pharetra. Praesent a elit at dui imperdiet sagittis.</p>\r\n<p>Praesent egestas volutpat lectus, et aliquam ipsum rutrum et. Sed laoreet interdum libero. Etiam id justo id nisl lobortis sodales. Mauris vel metus finibus justo placerat eleifend ut sed quam. Nulla facilisi. Nulla imperdiet feugiat est, in accumsan sapien accumsan eget. Sed dapibus felis ultricies turpis maximus aliquam. Curabitur euismod iaculis nibh, vitae vehicula turpis auctor at. Duis pellentesque rutrum nulla. Nam diam lorem, finibus vel sem et, ultrices vestibulum urna. Fusce laoreet, justo nec pulvinar sodales, magna velit malesuada ipsum, nec porttitor libero quam hendrerit lorem. Quisque ut rutrum justo, id rhoncus risus. Ut et orci ultricies, sodales dolor id, facilisis odio. Nullam quis sollicitudin erat.</p>\r\n<p>Vivamus ante orci, maximus a est ac, interdum dapibus nulla. Sed vestibulum vitae elit et maximus. Sed finibus, arcu ac hendrerit elementum, odio urna cursus est, sed malesuada turpis orci eu turpis. Aenean posuere fermentum lacus a consectetur. Pellentesque commodo ex id cursus sagittis. Praesent et tristique nunc. Nulla facilisi. Nullam orci elit, sollicitudin nec malesuada nec, mollis ac magna. Sed dictum justo ac mauris aliquam scelerisque. Nullam ultricies, erat id vestibulum fringilla, mi mi ultricies velit, vestibulum convallis eros est et est. Ut dolor tellus, facilisis non elementum eget, interdum id metus.</p>\r\n<p>In sodales et dui sit amet pharetra. Phasellus neque erat, efficitur eu porta vel, porta ac massa. Vestibulum porta nulla leo, at luctus erat ultricies quis. Phasellus non nulla ac ante condimentum sollicitudin. Ut vitae enim nulla. Quisque accumsan, nisi eu hendrerit eleifend, nisi elit fringilla orci, sed tristique ipsum est in ante. Quisque tincidunt eleifend leo, in cursus felis sollicitudin aliquet. Etiam ornare velit a nisl vestibulum, at lacinia tortor luctus. Mauris non ornare ante. Nullam nisi risus, consectetur eget pretium quis, bibendum at mi. In rutrum urna varius quam porttitor, in posuere odio rhoncus. Donec volutpat, lorem at molestie fringilla, ipsum sapien maximus lectus, sed ultricies ante urna et enim. Proin vel iaculis dolor, quis varius dui. Quisque ultrices lorem nec iaculis posuere. Phasellus eu sollicitudin massa, vitae venenatis nisi. Nullam vehicula tincidunt laoreet.</p>\r\n<p>Etiam sollicitudin nibh accumsan, tristique leo eu, porta quam. Integer lacinia nulla ac ex congue, accumsan condimentum tellus eleifend. Vivamus pharetra magna eu diam finibus, eu pellentesque diam viverra. Sed pulvinar ullamcorper magna efficitur consectetur. Duis accumsan et nunc finibus rutrum. Pellentesque convallis tincidunt vestibulum. Mauris congue dapibus diam. Vivamus porta consectetur dignissim.</p>', 'index_370x185-image02.jpg', null, 'loremp, ipsum, tag', null, '2017-12-18 08:42:02', '2017-12-18 08:41:58', null, null, '0');
INSERT INTO `noticia` VALUES ('11', '1', '7', 'Vivamus ante orci', '<p>Lorem ipsum dolor sit amet, consectetur adipiscing elit. Cras sed porttitor massa. In mollis sollicitudin tortor non aliquam. Nulla ut maximus leo, ac faucibus est. Vivamus tristique, tortor in venenatis ultrices, nisi urna porttitor purus, sed sollicitudin tortor metus in diam. Interdum et malesuada fames ac ante ipsum primis in faucibus. Nullam ultrices ligula at velit sollicitudin faucibus. Cras vulputate iaculis libero ut rutrum. Aliquam scelerisque nunc vel libero aliquet, et ultricies lectus tincidunt. Vestibulum egestas consequat varius. Cras id enim et neque sollicitudin luctus. Aenean sagittis, erat et porttitor congue, erat turpis consequat turpis, eu tempor orci velit quis leo. Cras et diam libero. Aenean a feugiat ipsum. Vestibulum tristique aliquet elit ac pharetra. Praesent a elit at dui imperdiet sagittis.</p>\r\n<p>Praesent egestas volutpat lectus, et aliquam ipsum rutrum et. Sed laoreet interdum libero. Etiam id justo id nisl lobortis sodales. Mauris vel metus finibus justo placerat eleifend ut sed quam. Nulla facilisi. Nulla imperdiet feugiat est, in accumsan sapien accumsan eget. Sed dapibus felis ultricies turpis maximus aliquam. Curabitur euismod iaculis nibh, vitae vehicula turpis auctor at. Duis pellentesque rutrum nulla. Nam diam lorem, finibus vel sem et, ultrices vestibulum urna. Fusce laoreet, justo nec pulvinar sodales, magna velit malesuada ipsum, nec porttitor libero quam hendrerit lorem. Quisque ut rutrum justo, id rhoncus risus. Ut et orci ultricies, sodales dolor id, facilisis odio. Nullam quis sollicitudin erat.</p>\r\n<p>Vivamus ante orci, maximus a est ac, interdum dapibus nulla. Sed vestibulum vitae elit et maximus. Sed finibus, arcu ac hendrerit elementum, odio urna cursus est, sed malesuada turpis orci eu turpis. Aenean posuere fermentum lacus a consectetur. Pellentesque commodo ex id cursus sagittis. Praesent et tristique nunc. Nulla facilisi. Nullam orci elit, sollicitudin nec malesuada nec, mollis ac magna. Sed dictum justo ac mauris aliquam scelerisque. Nullam ultricies, erat id vestibulum fringilla, mi mi ultricies velit, vestibulum convallis eros est et est. Ut dolor tellus, facilisis non elementum eget, interdum id metus.</p>\r\n<p>In sodales et dui sit amet pharetra. Phasellus neque erat, efficitur eu porta vel, porta ac massa. Vestibulum porta nulla leo, at luctus erat ultricies quis. Phasellus non nulla ac ante condimentum sollicitudin. Ut vitae enim nulla. Quisque accumsan, nisi eu hendrerit eleifend, nisi elit fringilla orci, sed tristique ipsum est in ante. Quisque tincidunt eleifend leo, in cursus felis sollicitudin aliquet. Etiam ornare velit a nisl vestibulum, at lacinia tortor luctus. Mauris non ornare ante. Nullam nisi risus, consectetur eget pretium quis, bibendum at mi. In rutrum urna varius quam porttitor, in posuere odio rhoncus. Donec volutpat, lorem at molestie fringilla, ipsum sapien maximus lectus, sed ultricies ante urna et enim. Proin vel iaculis dolor, quis varius dui. Quisque ultrices lorem nec iaculis posuere. Phasellus eu sollicitudin massa, vitae venenatis nisi. Nullam vehicula tincidunt laoreet.</p>\r\n<p>Etiam sollicitudin nibh accumsan, tristique leo eu, porta quam. Integer lacinia nulla ac ex congue, accumsan condimentum tellus eleifend. Vivamus pharetra magna eu diam finibus, eu pellentesque diam viverra. Sed pulvinar ullamcorper magna efficitur consectetur. Duis accumsan et nunc finibus rutrum. Pellentesque convallis tincidunt vestibulum. Mauris congue dapibus diam. Vivamus porta consectetur dignissim.</p>', 'index_370x185-image02.jpg', null, 'loremp, ipsum, tag', null, '2017-12-18 08:42:45', '2017-12-18 08:42:42', null, null, '0');
INSERT INTO `noticia` VALUES ('12', '1', '8', 'In sodales et dui sit amet pharetra', '<p>Lorem ipsum dolor sit amet, consectetur adipiscing elit. Cras sed porttitor massa. In mollis sollicitudin tortor non aliquam. Nulla ut maximus leo, ac faucibus est. Vivamus tristique, tortor in venenatis ultrices, nisi urna porttitor purus, sed sollicitudin tortor metus in diam. Interdum et malesuada fames ac ante ipsum primis in faucibus. Nullam ultrices ligula at velit sollicitudin faucibus. Cras vulputate iaculis libero ut rutrum. Aliquam scelerisque nunc vel libero aliquet, et ultricies lectus tincidunt. Vestibulum egestas consequat varius. Cras id enim et neque sollicitudin luctus. Aenean sagittis, erat et porttitor congue, erat turpis consequat turpis, eu tempor orci velit quis leo. Cras et diam libero. Aenean a feugiat ipsum. Vestibulum tristique aliquet elit ac pharetra. Praesent a elit at dui imperdiet sagittis.</p>\r\n<p>Praesent egestas volutpat lectus, et aliquam ipsum rutrum et. Sed laoreet interdum libero. Etiam id justo id nisl lobortis sodales. Mauris vel metus finibus justo placerat eleifend ut sed quam. Nulla facilisi. Nulla imperdiet feugiat est, in accumsan sapien accumsan eget. Sed dapibus felis ultricies turpis maximus aliquam. Curabitur euismod iaculis nibh, vitae vehicula turpis auctor at. Duis pellentesque rutrum nulla. Nam diam lorem, finibus vel sem et, ultrices vestibulum urna. Fusce laoreet, justo nec pulvinar sodales, magna velit malesuada ipsum, nec porttitor libero quam hendrerit lorem. Quisque ut rutrum justo, id rhoncus risus. Ut et orci ultricies, sodales dolor id, facilisis odio. Nullam quis sollicitudin erat.</p>\r\n<p>Vivamus ante orci, maximus a est ac, interdum dapibus nulla. Sed vestibulum vitae elit et maximus. Sed finibus, arcu ac hendrerit elementum, odio urna cursus est, sed malesuada turpis orci eu turpis. Aenean posuere fermentum lacus a consectetur. Pellentesque commodo ex id cursus sagittis. Praesent et tristique nunc. Nulla facilisi. Nullam orci elit, sollicitudin nec malesuada nec, mollis ac magna. Sed dictum justo ac mauris aliquam scelerisque. Nullam ultricies, erat id vestibulum fringilla, mi mi ultricies velit, vestibulum convallis eros est et est. Ut dolor tellus, facilisis non elementum eget, interdum id metus.</p>\r\n<p>In sodales et dui sit amet pharetra. Phasellus neque erat, efficitur eu porta vel, porta ac massa. Vestibulum porta nulla leo, at luctus erat ultricies quis. Phasellus non nulla ac ante condimentum sollicitudin. Ut vitae enim nulla. Quisque accumsan, nisi eu hendrerit eleifend, nisi elit fringilla orci, sed tristique ipsum est in ante. Quisque tincidunt eleifend leo, in cursus felis sollicitudin aliquet. Etiam ornare velit a nisl vestibulum, at lacinia tortor luctus. Mauris non ornare ante. Nullam nisi risus, consectetur eget pretium quis, bibendum at mi. In rutrum urna varius quam porttitor, in posuere odio rhoncus. Donec volutpat, lorem at molestie fringilla, ipsum sapien maximus lectus, sed ultricies ante urna et enim. Proin vel iaculis dolor, quis varius dui. Quisque ultrices lorem nec iaculis posuere. Phasellus eu sollicitudin massa, vitae venenatis nisi. Nullam vehicula tincidunt laoreet.</p>\r\n<p>Etiam sollicitudin nibh accumsan, tristique leo eu, porta quam. Integer lacinia nulla ac ex congue, accumsan condimentum tellus eleifend. Vivamus pharetra magna eu diam finibus, eu pellentesque diam viverra. Sed pulvinar ullamcorper magna efficitur consectetur. Duis accumsan et nunc finibus rutrum. Pellentesque convallis tincidunt vestibulum. Mauris congue dapibus diam. Vivamus porta consectetur dignissim.</p>', 'index_370x185-image02.jpg', null, 'loremp, ipsum, tag', null, '2017-12-18 08:43:24', '2017-12-18 08:43:21', null, null, '0');
INSERT INTO `noticia` VALUES ('13', '1', '1', 'In sodales et dui sit amet pharetra', '<p>Lorem ipsum dolor sit amet, consectetur adipiscing elit. Cras sed porttitor massa. In mollis sollicitudin tortor non aliquam. Nulla ut maximus leo, ac faucibus est. Vivamus tristique, tortor in venenatis ultrices, nisi urna porttitor purus, sed sollicitudin tortor metus in diam. Interdum et malesuada fames ac ante ipsum primis in faucibus. Nullam ultrices ligula at velit sollicitudin faucibus. Cras vulputate iaculis libero ut rutrum. Aliquam scelerisque nunc vel libero aliquet, et ultricies lectus tincidunt. Vestibulum egestas consequat varius. Cras id enim et neque sollicitudin luctus. Aenean sagittis, erat et porttitor congue, erat turpis consequat turpis, eu tempor orci velit quis leo. Cras et diam libero. Aenean a feugiat ipsum. Vestibulum tristique aliquet elit ac pharetra. Praesent a elit at dui imperdiet sagittis.</p>\r\n<p>Praesent egestas volutpat lectus, et aliquam ipsum rutrum et. Sed laoreet interdum libero. Etiam id justo id nisl lobortis sodales. Mauris vel metus finibus justo placerat eleifend ut sed quam. Nulla facilisi. Nulla imperdiet feugiat est, in accumsan sapien accumsan eget. Sed dapibus felis ultricies turpis maximus aliquam. Curabitur euismod iaculis nibh, vitae vehicula turpis auctor at. Duis pellentesque rutrum nulla. Nam diam lorem, finibus vel sem et, ultrices vestibulum urna. Fusce laoreet, justo nec pulvinar sodales, magna velit malesuada ipsum, nec porttitor libero quam hendrerit lorem. Quisque ut rutrum justo, id rhoncus risus. Ut et orci ultricies, sodales dolor id, facilisis odio. Nullam quis sollicitudin erat.</p>\r\n<p>Vivamus ante orci, maximus a est ac, interdum dapibus nulla. Sed vestibulum vitae elit et maximus. Sed finibus, arcu ac hendrerit elementum, odio urna cursus est, sed malesuada turpis orci eu turpis. Aenean posuere fermentum lacus a consectetur. Pellentesque commodo ex id cursus sagittis. Praesent et tristique nunc. Nulla facilisi. Nullam orci elit, sollicitudin nec malesuada nec, mollis ac magna. Sed dictum justo ac mauris aliquam scelerisque. Nullam ultricies, erat id vestibulum fringilla, mi mi ultricies velit, vestibulum convallis eros est et est. Ut dolor tellus, facilisis non elementum eget, interdum id metus.</p>\r\n<p>In sodales et dui sit amet pharetra. Phasellus neque erat, efficitur eu porta vel, porta ac massa. Vestibulum porta nulla leo, at luctus erat ultricies quis. Phasellus non nulla ac ante condimentum sollicitudin. Ut vitae enim nulla. Quisque accumsan, nisi eu hendrerit eleifend, nisi elit fringilla orci, sed tristique ipsum est in ante. Quisque tincidunt eleifend leo, in cursus felis sollicitudin aliquet. Etiam ornare velit a nisl vestibulum, at lacinia tortor luctus. Mauris non ornare ante. Nullam nisi risus, consectetur eget pretium quis, bibendum at mi. In rutrum urna varius quam porttitor, in posuere odio rhoncus. Donec volutpat, lorem at molestie fringilla, ipsum sapien maximus lectus, sed ultricies ante urna et enim. Proin vel iaculis dolor, quis varius dui. Quisque ultrices lorem nec iaculis posuere. Phasellus eu sollicitudin massa, vitae venenatis nisi. Nullam vehicula tincidunt laoreet.</p>\r\n<p>Etiam sollicitudin nibh accumsan, tristique leo eu, porta quam. Integer lacinia nulla ac ex congue, accumsan condimentum tellus eleifend. Vivamus pharetra magna eu diam finibus, eu pellentesque diam viverra. Sed pulvinar ullamcorper magna efficitur consectetur. Duis accumsan et nunc finibus rutrum. Pellentesque convallis tincidunt vestibulum. Mauris congue dapibus diam. Vivamus porta consectetur dignissim.</p>', 'index_370x185-image02.jpg', null, 'loremp, ipsum, tag', null, '2017-12-18 08:45:16', '2017-12-18 08:45:12', null, null, '0');
INSERT INTO `noticia` VALUES ('14', '4', null, 'Praesent egestas volutpat lectus', '<p>Lorem ipsum dolor sit amet, consectetur adipiscing elit. Cras sed porttitor massa. In mollis sollicitudin tortor non aliquam. Nulla ut maximus leo, ac faucibus est. Vivamus tristique, tortor in venenatis ultrices, nisi urna porttitor purus, sed sollicitudin tortor metus in diam. Interdum et malesuada fames ac ante ipsum primis in faucibus. Nullam ultrices ligula at velit sollicitudin faucibus. Cras vulputate iaculis libero ut rutrum. Aliquam scelerisque nunc vel libero aliquet, et ultricies lectus tincidunt. Vestibulum egestas consequat varius. Cras id enim et neque sollicitudin luctus. Aenean sagittis, erat et porttitor congue, erat turpis consequat turpis, eu tempor orci velit quis leo. Cras et diam libero. Aenean a feugiat ipsum. Vestibulum tristique aliquet elit ac pharetra. Praesent a elit at dui imperdiet sagittis.</p>', null, null, 'loremp, ipsum, tag', 'LANZAMIENTO KIA_RIO_HATCH.mp4', '2017-12-18 09:39:49', '2017-12-18 09:39:41', 'VIDEO', '1', '0');
INSERT INTO `noticia` VALUES ('15', '4', null, 'Praesent egestas volutpat lectus', '<p>Lorem ipsum dolor sit amet, consectetur adipiscing elit. Cras sed porttitor massa. In mollis sollicitudin tortor non aliquam. Nulla ut maximus leo, ac faucibus est. Vivamus tristique, tortor in venenatis ultrices, nisi urna porttitor purus, sed sollicitudin tortor metus in diam. Interdum et malesuada fames ac ante ipsum primis in faucibus. Nullam ultrices ligula at velit sollicitudin faucibus. Cras vulputate iaculis libero ut rutrum. Aliquam scelerisque nunc vel libero aliquet, et ultricies lectus tincidunt. Vestibulum egestas consequat varius. Cras id enim et neque sollicitudin luctus. Aenean sagittis, erat et porttitor congue, erat turpis consequat turpis, eu tempor orci velit quis leo. Cras et diam libero. Aenean a feugiat ipsum. Vestibulum tristique aliquet elit ac pharetra. Praesent a elit at dui imperdiet sagittis.</p>', null, null, 'loremp, ipsum, tag', 'CVL_ALL-NEW_TRACKER.mp4', '2017-12-18 09:51:28', '2017-12-18 09:51:00', 'VIDEO', '2', '0');
INSERT INTO `noticia` VALUES ('16', '4', null, 'Vivamus ante orci', '<p>Vivamus ante orci, maximus a est ac, interdum dapibus nulla. Sed vestibulum vitae elit et maximus. Sed finibus, arcu ac hendrerit elementum, odio urna cursus est, sed malesuada turpis orci eu turpis. Aenean posuere fermentum lacus a consectetur. Pellentesque commodo ex id cursus sagittis. Praesent et tristique nunc. Nulla facilisi. Nullam orci elit, sollicitudin nec malesuada nec, mollis ac magna. Sed dictum justo ac mauris aliquam scelerisque. Nullam ultricies, erat id vestibulum fringilla, mi mi ultricies velit, vestibulum convallis eros est et est. Ut dolor tellus, facilisis non elementum eget, interdum id metus.</p>', null, null, 'loremp, ipsum, tag', 'ALL_NEW_RIO-JBALVIN.mp4', '2017-12-18 09:52:33', '2017-12-18 09:52:02', 'VIDEO', '3', '0');
INSERT INTO `noticia` VALUES ('17', '2', null, 'In sodales et dui sit amet pharetra', '<p>Lorem ipsum dolor sit amet, consectetur adipiscing elit. Cras sed porttitor massa. In mollis sollicitudin tortor non aliquam. Nulla ut maximus leo, ac faucibus est. Vivamus tristique, tortor in venenatis ultrices, nisi urna porttitor purus, sed sollicitudin tortor metus in diam. Interdum et malesuada fames ac ante ipsum primis in faucibus. Nullam ultrices ligula at velit sollicitudin faucibus. Cras vulputate iaculis libero ut rutrum. Aliquam scelerisque nunc vel libero aliquet, et ultricies lectus tincidunt. Vestibulum egestas consequat varius. Cras id enim et neque sollicitudin luctus. Aenean sagittis, erat et porttitor congue, erat turpis consequat turpis, eu tempor orci velit quis leo. Cras et diam libero. Aenean a feugiat ipsum. Vestibulum tristique aliquet elit ac pharetra. Praesent a elit at dui imperdiet sagittis.</p>\r\n<p>Praesent egestas volutpat lectus, et aliquam ipsum rutrum et. Sed laoreet interdum libero. Etiam id justo id nisl lobortis sodales. Mauris vel metus finibus justo placerat eleifend ut sed quam. Nulla facilisi. Nulla imperdiet feugiat est, in accumsan sapien accumsan eget. Sed dapibus felis ultricies turpis maximus aliquam. Curabitur euismod iaculis nibh, vitae vehicula turpis auctor at. Duis pellentesque rutrum nulla. Nam diam lorem, finibus vel sem et, ultrices vestibulum urna. Fusce laoreet, justo nec pulvinar sodales, magna velit malesuada ipsum, nec porttitor libero quam hendrerit lorem. Quisque ut rutrum justo, id rhoncus risus. Ut et orci ultricies, sodales dolor id, facilisis odio. Nullam quis sollicitudin erat.</p>\r\n<p>Vivamus ante orci, maximus a est ac, interdum dapibus nulla. Sed vestibulum vitae elit et maximus. Sed finibus, arcu ac hendrerit elementum, odio urna cursus est, sed malesuada turpis orci eu turpis. Aenean posuere fermentum lacus a consectetur. Pellentesque commodo ex id cursus sagittis. Praesent et tristique nunc. Nulla facilisi. Nullam orci elit, sollicitudin nec malesuada nec, mollis ac magna. Sed dictum justo ac mauris aliquam scelerisque. Nullam ultricies, erat id vestibulum fringilla, mi mi ultricies velit, vestibulum convallis eros est et est. Ut dolor tellus, facilisis non elementum eget, interdum id metus.</p>\r\n<p>In sodales et dui sit amet pharetra. Phasellus neque erat, efficitur eu porta vel, porta ac massa. Vestibulum porta nulla leo, at luctus erat ultricies quis. Phasellus non nulla ac ante condimentum sollicitudin. Ut vitae enim nulla. Quisque accumsan, nisi eu hendrerit eleifend, nisi elit fringilla orci, sed tristique ipsum est in ante. Quisque tincidunt eleifend leo, in cursus felis sollicitudin aliquet. Etiam ornare velit a nisl vestibulum, at lacinia tortor luctus. Mauris non ornare ante. Nullam nisi risus, consectetur eget pretium quis, bibendum at mi. In rutrum urna varius quam porttitor, in posuere odio rhoncus. Donec volutpat, lorem at molestie fringilla, ipsum sapien maximus lectus, sed ultricies ante urna et enim. Proin vel iaculis dolor, quis varius dui. Quisque ultrices lorem nec iaculis posuere. Phasellus eu sollicitudin massa, vitae venenatis nisi. Nullam vehicula tincidunt laoreet.</p>\r\n<p>Etiam sollicitudin nibh accumsan, tristique leo eu, porta quam. Integer lacinia nulla ac ex congue, accumsan condimentum tellus eleifend. Vivamus pharetra magna eu diam finibus, eu pellentesque diam viverra. Sed pulvinar ullamcorper magna efficitur consectetur. Duis accumsan et nunc finibus rutrum. Pellentesque convallis tincidunt vestibulum. Mauris congue dapibus diam. Vivamus porta consectetur dignissim.</p>', 'index_800x400-image17.jpg', null, 'loremp, ipsum, tag', null, '2017-12-18 10:24:44', '2017-12-18 10:24:40', 'VARIOS', '1', '0');
INSERT INTO `noticia` VALUES ('18', '2', null, 'Etiam sollicitudin nibh accumsan', '<p>Lorem ipsum dolor sit amet, consectetur adipiscing elit. Cras sed porttitor massa. In mollis sollicitudin tortor non aliquam. Nulla ut maximus leo, ac faucibus est. Vivamus tristique, tortor in venenatis ultrices, nisi urna porttitor purus, sed sollicitudin tortor metus in diam. Interdum et malesuada fames ac ante ipsum primis in faucibus. Nullam ultrices ligula at velit sollicitudin faucibus. Cras vulputate iaculis libero ut rutrum. Aliquam scelerisque nunc vel libero aliquet, et ultricies lectus tincidunt. Vestibulum egestas consequat varius. Cras id enim et neque sollicitudin luctus. Aenean sagittis, erat et porttitor congue, erat turpis consequat turpis, eu tempor orci velit quis leo. Cras et diam libero. Aenean a feugiat ipsum. Vestibulum tristique aliquet elit ac pharetra. Praesent a elit at dui imperdiet sagittis.</p>\r\n<p>Praesent egestas volutpat lectus, et aliquam ipsum rutrum et. Sed laoreet interdum libero. Etiam id justo id nisl lobortis sodales. Mauris vel metus finibus justo placerat eleifend ut sed quam. Nulla facilisi. Nulla imperdiet feugiat est, in accumsan sapien accumsan eget. Sed dapibus felis ultricies turpis maximus aliquam. Curabitur euismod iaculis nibh, vitae vehicula turpis auctor at. Duis pellentesque rutrum nulla. Nam diam lorem, finibus vel sem et, ultrices vestibulum urna. Fusce laoreet, justo nec pulvinar sodales, magna velit malesuada ipsum, nec porttitor libero quam hendrerit lorem. Quisque ut rutrum justo, id rhoncus risus. Ut et orci ultricies, sodales dolor id, facilisis odio. Nullam quis sollicitudin erat.</p>\r\n<p>Vivamus ante orci, maximus a est ac, interdum dapibus nulla. Sed vestibulum vitae elit et maximus. Sed finibus, arcu ac hendrerit elementum, odio urna cursus est, sed malesuada turpis orci eu turpis. Aenean posuere fermentum lacus a consectetur. Pellentesque commodo ex id cursus sagittis. Praesent et tristique nunc. Nulla facilisi. Nullam orci elit, sollicitudin nec malesuada nec, mollis ac magna. Sed dictum justo ac mauris aliquam scelerisque. Nullam ultricies, erat id vestibulum fringilla, mi mi ultricies velit, vestibulum convallis eros est et est. Ut dolor tellus, facilisis non elementum eget, interdum id metus.</p>\r\n<p>In sodales et dui sit amet pharetra. Phasellus neque erat, efficitur eu porta vel, porta ac massa. Vestibulum porta nulla leo, at luctus erat ultricies quis. Phasellus non nulla ac ante condimentum sollicitudin. Ut vitae enim nulla. Quisque accumsan, nisi eu hendrerit eleifend, nisi elit fringilla orci, sed tristique ipsum est in ante. Quisque tincidunt eleifend leo, in cursus felis sollicitudin aliquet. Etiam ornare velit a nisl vestibulum, at lacinia tortor luctus. Mauris non ornare ante. Nullam nisi risus, consectetur eget pretium quis, bibendum at mi. In rutrum urna varius quam porttitor, in posuere odio rhoncus. Donec volutpat, lorem at molestie fringilla, ipsum sapien maximus lectus, sed ultricies ante urna et enim. Proin vel iaculis dolor, quis varius dui. Quisque ultrices lorem nec iaculis posuere. Phasellus eu sollicitudin massa, vitae venenatis nisi. Nullam vehicula tincidunt laoreet.</p>\r\n<p>Etiam sollicitudin nibh accumsan, tristique leo eu, porta quam. Integer lacinia nulla ac ex congue, accumsan condimentum tellus eleifend. Vivamus pharetra magna eu diam finibus, eu pellentesque diam viverra. Sed pulvinar ullamcorper magna efficitur consectetur. Duis accumsan et nunc finibus rutrum. Pellentesque convallis tincidunt vestibulum. Mauris congue dapibus diam. Vivamus porta consectetur dignissim.</p>', 'index_800x400-image17.jpg', null, 'loremp, ipsum, tag', null, '2017-12-18 10:27:05', '2017-12-18 10:27:02', 'VARIOS', '2', '0');
INSERT INTO `noticia` VALUES ('19', '2', null, 'In sodales et dui sit amet pharetra', '<p>Lorem ipsum dolor sit amet, consectetur adipiscing elit. Cras sed porttitor massa. In mollis sollicitudin tortor non aliquam. Nulla ut maximus leo, ac faucibus est. Vivamus tristique, tortor in venenatis ultrices, nisi urna porttitor purus, sed sollicitudin tortor metus in diam. Interdum et malesuada fames ac ante ipsum primis in faucibus. Nullam ultrices ligula at velit sollicitudin faucibus. Cras vulputate iaculis libero ut rutrum. Aliquam scelerisque nunc vel libero aliquet, et ultricies lectus tincidunt. Vestibulum egestas consequat varius. Cras id enim et neque sollicitudin luctus. Aenean sagittis, erat et porttitor congue, erat turpis consequat turpis, eu tempor orci velit quis leo. Cras et diam libero. Aenean a feugiat ipsum. Vestibulum tristique aliquet elit ac pharetra. Praesent a elit at dui imperdiet sagittis.</p>\r\n<p>Praesent egestas volutpat lectus, et aliquam ipsum rutrum et. Sed laoreet interdum libero. Etiam id justo id nisl lobortis sodales. Mauris vel metus finibus justo placerat eleifend ut sed quam. Nulla facilisi. Nulla imperdiet feugiat est, in accumsan sapien accumsan eget. Sed dapibus felis ultricies turpis maximus aliquam. Curabitur euismod iaculis nibh, vitae vehicula turpis auctor at. Duis pellentesque rutrum nulla. Nam diam lorem, finibus vel sem et, ultrices vestibulum urna. Fusce laoreet, justo nec pulvinar sodales, magna velit malesuada ipsum, nec porttitor libero quam hendrerit lorem. Quisque ut rutrum justo, id rhoncus risus. Ut et orci ultricies, sodales dolor id, facilisis odio. Nullam quis sollicitudin erat.</p>\r\n<p>Vivamus ante orci, maximus a est ac, interdum dapibus nulla. Sed vestibulum vitae elit et maximus. Sed finibus, arcu ac hendrerit elementum, odio urna cursus est, sed malesuada turpis orci eu turpis. Aenean posuere fermentum lacus a consectetur. Pellentesque commodo ex id cursus sagittis. Praesent et tristique nunc. Nulla facilisi. Nullam orci elit, sollicitudin nec malesuada nec, mollis ac magna. Sed dictum justo ac mauris aliquam scelerisque. Nullam ultricies, erat id vestibulum fringilla, mi mi ultricies velit, vestibulum convallis eros est et est. Ut dolor tellus, facilisis non elementum eget, interdum id metus.</p>\r\n<p>In sodales et dui sit amet pharetra. Phasellus neque erat, efficitur eu porta vel, porta ac massa. Vestibulum porta nulla leo, at luctus erat ultricies quis. Phasellus non nulla ac ante condimentum sollicitudin. Ut vitae enim nulla. Quisque accumsan, nisi eu hendrerit eleifend, nisi elit fringilla orci, sed tristique ipsum est in ante. Quisque tincidunt eleifend leo, in cursus felis sollicitudin aliquet. Etiam ornare velit a nisl vestibulum, at lacinia tortor luctus. Mauris non ornare ante. Nullam nisi risus, consectetur eget pretium quis, bibendum at mi. In rutrum urna varius quam porttitor, in posuere odio rhoncus. Donec volutpat, lorem at molestie fringilla, ipsum sapien maximus lectus, sed ultricies ante urna et enim. Proin vel iaculis dolor, quis varius dui. Quisque ultrices lorem nec iaculis posuere. Phasellus eu sollicitudin massa, vitae venenatis nisi. Nullam vehicula tincidunt laoreet.</p>\r\n<p>Etiam sollicitudin nibh accumsan, tristique leo eu, porta quam. Integer lacinia nulla ac ex congue, accumsan condimentum tellus eleifend. Vivamus pharetra magna eu diam finibus, eu pellentesque diam viverra. Sed pulvinar ullamcorper magna efficitur consectetur. Duis accumsan et nunc finibus rutrum. Pellentesque convallis tincidunt vestibulum. Mauris congue dapibus diam. Vivamus porta consectetur dignissim.</p>', 'index_800x400-image17.jpg', null, 'loremp, ipsum, tag, post', null, '2017-12-18 10:27:53', '2017-12-18 10:27:50', 'VARIOS', '3', '0');
INSERT INTO `noticia` VALUES ('20', '2', null, 'Lorem ipsum dolor sit amet', '<p>Lorem ipsum dolor sit amet, consectetur adipiscing elit. Cras sed porttitor massa. In mollis sollicitudin tortor non aliquam. Nulla ut maximus leo, ac faucibus est. Vivamus tristique, tortor in venenatis ultrices, nisi urna porttitor purus, sed sollicitudin tortor metus in diam. Interdum et malesuada fames ac ante ipsum primis in faucibus. Nullam ultrices ligula at velit sollicitudin faucibus. Cras vulputate iaculis libero ut rutrum. Aliquam scelerisque nunc vel libero aliquet, et ultricies lectus tincidunt. Vestibulum egestas consequat varius. Cras id enim et neque sollicitudin luctus. Aenean sagittis, erat et porttitor congue, erat turpis consequat turpis, eu tempor orci velit quis leo. Cras et diam libero. Aenean a feugiat ipsum. Vestibulum tristique aliquet elit ac pharetra. Praesent a elit at dui imperdiet sagittis.</p>\r\n<p>Praesent egestas volutpat lectus, et aliquam ipsum rutrum et. Sed laoreet interdum libero. Etiam id justo id nisl lobortis sodales. Mauris vel metus finibus justo placerat eleifend ut sed quam. Nulla facilisi. Nulla imperdiet feugiat est, in accumsan sapien accumsan eget. Sed dapibus felis ultricies turpis maximus aliquam. Curabitur euismod iaculis nibh, vitae vehicula turpis auctor at. Duis pellentesque rutrum nulla. Nam diam lorem, finibus vel sem et, ultrices vestibulum urna. Fusce laoreet, justo nec pulvinar sodales, magna velit malesuada ipsum, nec porttitor libero quam hendrerit lorem. Quisque ut rutrum justo, id rhoncus risus. Ut et orci ultricies, sodales dolor id, facilisis odio. Nullam quis sollicitudin erat.</p>\r\n<p>Vivamus ante orci, maximus a est ac, interdum dapibus nulla. Sed vestibulum vitae elit et maximus. Sed finibus, arcu ac hendrerit elementum, odio urna cursus est, sed malesuada turpis orci eu turpis. Aenean posuere fermentum lacus a consectetur. Pellentesque commodo ex id cursus sagittis. Praesent et tristique nunc. Nulla facilisi. Nullam orci elit, sollicitudin nec malesuada nec, mollis ac magna. Sed dictum justo ac mauris aliquam scelerisque. Nullam ultricies, erat id vestibulum fringilla, mi mi ultricies velit, vestibulum convallis eros est et est. Ut dolor tellus, facilisis non elementum eget, interdum id metus.</p>\r\n<p>In sodales et dui sit amet pharetra. Phasellus neque erat, efficitur eu porta vel, porta ac massa. Vestibulum porta nulla leo, at luctus erat ultricies quis. Phasellus non nulla ac ante condimentum sollicitudin. Ut vitae enim nulla. Quisque accumsan, nisi eu hendrerit eleifend, nisi elit fringilla orci, sed tristique ipsum est in ante. Quisque tincidunt eleifend leo, in cursus felis sollicitudin aliquet. Etiam ornare velit a nisl vestibulum, at lacinia tortor luctus. Mauris non ornare ante. Nullam nisi risus, consectetur eget pretium quis, bibendum at mi. In rutrum urna varius quam porttitor, in posuere odio rhoncus. Donec volutpat, lorem at molestie fringilla, ipsum sapien maximus lectus, sed ultricies ante urna et enim. Proin vel iaculis dolor, quis varius dui. Quisque ultrices lorem nec iaculis posuere. Phasellus eu sollicitudin massa, vitae venenatis nisi. Nullam vehicula tincidunt laoreet.</p>\r\n<p>Etiam sollicitudin nibh accumsan, tristique leo eu, porta quam. Integer lacinia nulla ac ex congue, accumsan condimentum tellus eleifend. Vivamus pharetra magna eu diam finibus, eu pellentesque diam viverra. Sed pulvinar ullamcorper magna efficitur consectetur. Duis accumsan et nunc finibus rutrum. Pellentesque convallis tincidunt vestibulum. Mauris congue dapibus diam. Vivamus porta consectetur dignissim.</p>', 'index_800x400-image17.jpg', null, 'loremp, ipsum, tag, contenido', null, '2017-12-18 10:28:24', '2017-12-18 10:28:21', 'VARIOS', '4', '0');
INSERT INTO `noticia` VALUES ('21', '2', null, 'Lorem ipsum dolor sit amet', '<p>Lorem ipsum dolor sit amet, consectetur adipiscing elit. Cras sed porttitor massa. In mollis sollicitudin tortor non aliquam. Nulla ut maximus leo, ac faucibus est. Vivamus tristique, tortor in venenatis ultrices, nisi urna porttitor purus, sed sollicitudin tortor metus in diam. Interdum et malesuada fames ac ante ipsum primis in faucibus. Nullam ultrices ligula at velit sollicitudin faucibus. Cras vulputate iaculis libero ut rutrum. Aliquam scelerisque nunc vel libero aliquet, et ultricies lectus tincidunt. Vestibulum egestas consequat varius. Cras id enim et neque sollicitudin luctus. Aenean sagittis, erat et porttitor congue, erat turpis consequat turpis, eu tempor orci velit quis leo. Cras et diam libero. Aenean a feugiat ipsum. Vestibulum tristique aliquet elit ac pharetra. Praesent a elit at dui imperdiet sagittis.</p>\r\n\r\n<p>Praesent egestas volutpat lectus, et aliquam ipsum rutrum et. Sed laoreet interdum libero. Etiam id justo id nisl lobortis sodales. Mauris vel metus finibus justo placerat eleifend ut sed quam. Nulla facilisi. Nulla imperdiet feugiat est, in accumsan sapien accumsan eget. Sed dapibus felis ultricies turpis maximus aliquam. Curabitur euismod iaculis nibh, vitae vehicula turpis auctor at. Duis pellentesque rutrum nulla. Nam diam lorem, finibus vel sem et, ultrices vestibulum urna. Fusce laoreet, justo nec pulvinar sodales, magna velit malesuada ipsum, nec porttitor libero quam hendrerit lorem. Quisque ut rutrum justo, id rhoncus risus. Ut et orci ultricies, sodales dolor id, facilisis odio. Nullam quis sollicitudin erat.</p>\r\n\r\n<p>Vivamus ante orci, maximus a est ac, interdum dapibus nulla. Sed vestibulum vitae elit et maximus. Sed finibus, arcu ac hendrerit elementum, odio urna cursus est, sed malesuada turpis orci eu turpis. Aenean posuere fermentum lacus a consectetur. Pellentesque commodo ex id cursus sagittis. Praesent et tristique nunc. Nulla facilisi. Nullam orci elit, sollicitudin nec malesuada nec, mollis ac magna. Sed dictum justo ac mauris aliquam scelerisque. Nullam ultricies, erat id vestibulum fringilla, mi mi ultricies velit, vestibulum convallis eros est et est. Ut dolor tellus, facilisis non elementum eget, interdum id metus.</p>\r\n\r\n<p>In sodales et dui sit amet pharetra. Phasellus neque erat, efficitur eu porta vel, porta ac massa. Vestibulum porta nulla leo, at luctus erat ultricies quis. Phasellus non nulla ac ante condimentum sollicitudin. Ut vitae enim nulla. Quisque accumsan, nisi eu hendrerit eleifend, nisi elit fringilla orci, sed tristique ipsum est in ante. Quisque tincidunt eleifend leo, in cursus felis sollicitudin aliquet. Etiam ornare velit a nisl vestibulum, at lacinia tortor luctus. Mauris non ornare ante. Nullam nisi risus, consectetur eget pretium quis, bibendum at mi. In rutrum urna varius quam porttitor, in posuere odio rhoncus. Donec volutpat, lorem at molestie fringilla, ipsum sapien maximus lectus, sed ultricies ante urna et enim. Proin vel iaculis dolor, quis varius dui. Quisque ultrices lorem nec iaculis posuere. Phasellus eu sollicitudin massa, vitae venenatis nisi. Nullam vehicula tincidunt laoreet.</p>\r\n\r\n<p>Etiam sollicitudin nibh accumsan, tristique leo eu, porta quam. Integer lacinia nulla ac ex congue, accumsan condimentum tellus eleifend. Vivamus pharetra magna eu diam finibus, eu pellentesque diam viverra. Sed pulvinar ullamcorper magna efficitur consectetur. Duis accumsan et nunc finibus rutrum. Pellentesque convallis tincidunt vestibulum. Mauris congue dapibus diam. Vivamus porta consectetur dignissim.</p>\r\n', '21_X-Trail_1200x628.jpg', null, 'loremp,ipsum,tag,etiqueta', '21_2017_NISSAN_KICKS.mp4', '2017-12-19 00:00:00', '2017-12-18 10:28:49', 'VARIOS', '5', '0');
INSERT INTO `noticia` VALUES ('25', '1', '5', 'Jeep adelanta la presentación del icónico Wrangler', '<p>Jeep present&oacute; la nueva generaci&oacute;n del ic&oacute;nico Wrangler poco antes de su debut oficial en el Sal&oacute;n del Autom&oacute;vil de Los &Aacute;ngeles.</p>\r\n\r\n<p>Ante un grupo reducido de periodistas, el&nbsp;director de dise&ntilde;o exterior de <strong>Jeep,</strong> Mark Allen, revel&oacute; que la&nbsp;s&eacute;ptima generaci&oacute;n del <strong>Wrangler&nbsp;</strong>est&aacute; inspirado en las&nbsp;versiones m&aacute;s cl&aacute;sicas del modelo, la original de 1941, el CJ2 de 1945 y el CJ5 de 1954.</p>\r\n\r\n<p>Allen&nbsp;se&ntilde;al&oacute; a Efe que&nbsp;el nuevo <strong>Wrangler</strong>&nbsp;es &ldquo;m&aacute;s una evoluci&oacute;n que una revoluci&oacute;n&rdquo;, y que el desaf&iacute;o fue mantener el&nbsp;esp&iacute;ritu original&nbsp;del modelo con caracter&iacute;sticas como la capacidad de retirar puertas y el parabrisas a pesar de la &ldquo;oposici&oacute;n&rdquo; de otros departamentos del fabricante.</p>\r\n\r\n<p>Exteriormente, el nuevo&nbsp;<strong>Wrangler</strong>, que aparecer&aacute; en&nbsp;Norteam&eacute;rica en enero de 2018&nbsp;y se espera que llegue a&nbsp;Latinoam&eacute;rica en 2018&nbsp;mantiene la&nbsp;tradicional parrilla de siete ranuras verticales de Jeep as&iacute; como los faros redondos.</p>\r\n\r\n<h2>El nuevo Wrangler, 91 kilos m&aacute;s ligero</h2>\r\n\r\n<p>Pero a partir de ah&iacute;, todos los aspectos del veh&iacute;culo han sido renovados, empezando por la utilizaci&oacute;n de aluminio y magnesio para aligerarlo en unos&nbsp;91 kilos.</p>\r\n\r\n<p>El nuevo <strong>Wrangler</strong> cuenta ahora con puertas, bisagras, cap&oacute; y parachoques realizados en aluminio.&nbsp;El port&oacute;n trasero est&aacute; fabricado con magnesio y cubierto con paneles de aluminio.</p>\r\n\r\n<p>Allen tambi&eacute;n explic&oacute; a Efe que aunque en un momento se consider&oacute; utilizar aluminio para todo el armaz&oacute;n del veh&iacute;culo, razones pr&aacute;cticas y econ&oacute;micas decidieron limitar el uso de este metal.</p>\r\n\r\n<p>La otra gran novedad de ingenier&iacute;a de la nueva generaci&oacute;n del<strong> Wrangler</strong> es la&nbsp;mayor distancia entre ejes, lo que permite ganar espacio y comodidad para las plazas traseras, ampliando su atractivo para familias.</p>\r\n\r\n<p>Mec&aacute;nicamente, el Wrangler 2018 estar&aacute; disponible con varias motorizaciones. Fuera del mercado del Tratado de Libre Comercio de Am&eacute;rica del Norte (TLCAN), el veh&iacute;culo podr&aacute; ser adquirido con un motor&nbsp;turbodi&eacute;sel de 2,2 litros&nbsp;y una potencia de&nbsp;197 caballos.</p>\r\n\r\n<p>Para el TLCAN, la opci&oacute;n di&eacute;sel ser&aacute; un turbo de 3 litros y 260 caballos de potencia que llegar&aacute; en 2019.</p>\r\n\r\n<p>Las motorizaciones de gasolina son una de 3,6 litros en V6 con 285 caballos que incorpora la parada y encendido autom&aacute;tico del motor (ESS) y una nueva de 2 litros turboalimentada con cuatro cilindro que genera 270 caballos.</p>\r\n\r\n<p>Las dos opciones de transmisi&oacute;n son una autom&aacute;tica de ocho velocidades y una manual de seis.</p>\r\n\r\n<h2>El Wrangler &ldquo;con m&aacute;s capacidades de la historia&rdquo;</h2>\r\n\r\n<p>El responsable de ingenier&iacute;a de <strong>Jeep,</strong> Brian Leyes, afirm&oacute; que este &ldquo;es el <strong>Wrangler</strong> con m&aacute;s capacidades de la historia&rdquo; del modelo.</p>\r\n\r\n<p>En este sentido,&nbsp;el veh&iacute;culo est&aacute; disponible&nbsp;con los&nbsp;sistemas de tracci&oacute;n a las cuatro ruedas Command-Trac y Rock-Trac,&nbsp;la &uacute;ltima generaci&oacute;n de los ejes Dana, una nueva caja de transferencia de dos velocidades Selec-Trac y neum&aacute;ticos para todoterreno de 33 pulgadas.</p>\r\n\r\n<p>Todos los modelos de <strong>Wrangler </strong>vienen equipados de f&aacute;brica con placas en los bajos del veh&iacute;culo para proteger sus partes m&aacute;s delicadas.</p>\r\n\r\n<p>En un comunicado, el responsable de la marca,&nbsp;Mike Manley, afirm&oacute; que &ldquo;Jeep siempre ha representado la m&aacute;xima autoridad en capacidad y libertad y nuestro totalmente nuevo Wrangler 2018 protege ese importante legado y nos transporta al futuro&rdquo;.</p>\r\n\r\n<p>El Wrangler 2018 estar&aacute; disponible en&nbsp;versiones de dos y cuatro puertas&nbsp;con tres configuraciones de equipamiento distintas.</p>\r\n\r\n<p>El de dos puertas estar&aacute; disponible con las configuraciones&nbsp;<strong>Sport, Sport S </strong>y <strong>Rubicon</strong>&nbsp;mientras que el <strong>Wrangler </strong>de cuatro puertas llegar&aacute; como&nbsp;<strong>Sport, Sport S, Sahara </strong>y<strong> Rubicon.&nbsp;</strong></p>\r\n\r\n<p>El&nbsp;<strong>Sport&nbsp;</strong>es el modelo base, mientras que&nbsp;<strong>Sahara&nbsp;</strong>es el m&aacute;s equipado y&nbsp;<strong>Rubicon&nbsp;</strong>es el de m&aacute;s prestaciones para todoterreno.</p>\r\n\r\n<p>Las versiones de techo blando incorporan un nuevo sistema de plegado que agiliza la apertura del veh&iacute;culo. Una de las novedades del sistema es la sustituci&oacute;n de cremalleras para sujetar los paneles laterales traseros con un sistema de gu&iacute;as, lo que soluciona uno de los principales problemas del anterior modelo.</p>\r\n\r\n<p>El veh&iacute;culo tambi&eacute;n est&aacute; disponible con las &uacute;ltimas&nbsp;tecnolog&iacute;as de ayuda a la conducci&oacute;n, como aviso de punto de visi&oacute;n muerto, detecci&oacute;n de cruce trasera y c&aacute;mara trasera.</p>\r\n', '25_Jeep-Wrangler-nuevo.jpg', null, 'Jeep,Jeep Wrangler,Rubicon,Sahara,Sport S,Sport', null, '2017-12-26 00:00:00', '2017-12-22 18:23:10', null, null, '1');
INSERT INTO `noticia` VALUES ('26', '2', '7', 'FCA se une a BMW, Intel y Mobileye', '<p><strong>BMW Group, Intel Corporation, Mobileye </strong>(una compa&ntilde;&iacute;a de Intel) y<strong> Fiat Chrysler Automobiles (FCA)</strong> han firmado un &ldquo;memor&aacute;ndum de entendimiento&rdquo; para que &eacute;ste &uacute;ltimo se una al desarrollo de una plataforma de conducci&oacute;n aut&oacute;noma a nivel mundial.</p>\r\n\r\n<p>Esta sociedad tiene la intenci&oacute;n de aprovechar las fortalezas, capacidades y recursos individuales de las compa&ntilde;&iacute;as para mejorar la tecnolog&iacute;a de la plataforma, aumentar la eficiencia del desarrollo y reducir el tiempo de lanzamiento al mercado, ha explicado&nbsp;Intel&nbsp;en un comunicado.</p>\r\n\r\n<p>FCA&nbsp;aportar&aacute; a la alianza ingenier&iacute;a, recursos t&eacute;cnicos y su experiencia, as&iacute; como su &ldquo;significativo&rdquo; volumen de ventas, su alcance geogr&aacute;fico y su larga experiencia en Norteam&eacute;rica, ha detallado Intel.</p>\r\n\r\n<p>El presidente de FCA,&nbsp;Sergio Marchionne, ha se&ntilde;alado que para lograr avances en tecnolog&iacute;a de conducci&oacute;n aut&oacute;noma &ldquo;es vital formar asociaciones entre fabricantes de autom&oacute;viles y quienes proveen la tecnolog&iacute;a&rdquo;.</p>\r\n\r\n<p>&ldquo;Integrarnos a esta cooperaci&oacute;n permitir&aacute; a FCA beneficiarse directamente de las sinergias y econom&iacute;as de escala que son posibles cuando las empresas se unen con una visi&oacute;n y un objetivo en com&uacute;n&rdquo;, ha a&ntilde;adido.</p>\r\n\r\n<p>El presidente del Consejo de Administraci&oacute;n de BMW AG,&nbsp;Harald Kr&uuml;ger, ha destacado que con FCA como nuevo socio se refuerza el camino &ldquo;para crear con &eacute;xito la soluci&oacute;n m&aacute;s avanzada de Nivel 3-5 como resultado de la colaboraci&oacute;n entre automotrices a escala global&rdquo;.</p>\r\n\r\n<p>Por su parte, el consejero delegado de Intel,&nbsp;Brian Krzanich, ha apuntado que est&aacute;n &ldquo;encantados de darle la bienvenida a FCA&rdquo; a esta colaboraci&oacute;n &ldquo;dando un paso m&aacute;s hacia la entrega de los veh&iacute;culos aut&oacute;nomos m&aacute;s seguros del mundo&rdquo;.</p>\r\n\r\n<h2>La alianza de BMW Group, Intel y Mobileye</h2>\r\n\r\n<p>En julio de 2016 BMW Group, Intel y Mobileye anunciaron que un&iacute;an fuerzas &ldquo;para hacer de los veh&iacute;culos aut&oacute;nomos una realidad&rdquo;, colaborando en el desarrollo de soluciones de&nbsp;conducci&oacute;n altamente automatizada&nbsp;(Nivel 3) y&nbsp;conducci&oacute;n totalmente automatizada&nbsp;(Nivel 4/5) para producci&oacute;n en 2021.</p>\r\n\r\n<p>Desde entonces, han trabajado en el dise&ntilde;o y desarrollo de una arquitectura que pueda ser utilizada por varios fabricantes de autom&oacute;viles en todo el mundo, manteniendo al mismo tiempo las identidades de marca individuales de cada compa&ntilde;&iacute;a.</p>\r\n\r\n<p>Esta cooperaci&oacute;n &ldquo;continua a paso firme&rdquo; con el objetivo de desplegar&nbsp;40 veh&iacute;culos aut&oacute;nomos&nbsp;de prueba&nbsp;en la v&iacute;a p&uacute;blica para finales del&nbsp;2017.</p>\r\n\r\n<p>Esta alianza tambi&eacute;n espera beneficiarse de los datos y el aprendizaje obtenido como resultado de la flota de&nbsp;100 veh&iacute;culos de prueba de Nivel 4&nbsp;de Mobileye anunciada recientemente.</p>\r\n', '26_FCA-Lingotto-1.jpg', null, 'FCA,Jeep,Dodge,RAM,BMW Group,Intel,Mobileye,Auto eléctrico,Fiat Chrysler Automobiles', '26_CAMPEON_ABSOLUTO_-_NISSAN.mp4', '2017-12-27 00:00:00', '2017-12-22 18:29:41', 'VARIOS', '2', '1');
INSERT INTO `noticia` VALUES ('27', '1', '11', 'asasa', '<p>sasasa asd as dsad</p>\r\n', '27_17492918_631771397022770_157816233991534185_o.jpg', null, 'asdsadas', '27_2017_NISSAN_KICKS.mp4', '2017-12-13 00:00:00', '2017-12-22 18:44:28', null, null, '0');
INSERT INTO `noticia` VALUES ('28', '3', null, 'Vídeo Resumen 2017', '<p>Peque&ntilde;o resumen de algunas activades durante el 2017.</p>\r\n', '28_rrhh_video_resumen_2017.jpg', null, 'video,resumen activades,garden,2017', '28_RRHH.mp4', '2017-12-27 00:00:00', '2017-12-27 09:22:01', 'RRHH', null, '1');
INSERT INTO `noticia` VALUES ('29', '2', null, 'Felices Fiestas', '<p>Celebremos la paz, la amistad y la prosperidad. Felices Fiestas.</p>\r\n', '29_Tarjeta_Navidena_frente.jpg', null, 'felices fiestas,garden', '29_', '2017-12-22 00:00:00', '2017-12-27 11:23:10', 'VARIOS', '1', '1');

-- ----------------------------
-- Table structure for `noticia_img`
-- ----------------------------
DROP TABLE IF EXISTS `noticia_img`;
CREATE TABLE `noticia_img` (
  `id` int(11) unsigned NOT NULL AUTO_INCREMENT,
  `id_noticia` int(11) unsigned DEFAULT NULL,
  `id_tipo_archivo` int(11) unsigned DEFAULT NULL,
  `img` varchar(80) DEFAULT NULL,
  `estado` int(1) unsigned DEFAULT '1',
  PRIMARY KEY (`id`)
) ENGINE=MyISAM AUTO_INCREMENT=79 DEFAULT CHARSET=utf8;

-- ----------------------------
-- Records of noticia_img
-- ----------------------------
INSERT INTO `noticia_img` VALUES ('32', '21', '1', '21_18156417_1142564709180810_6438240444276392576_o.jpg', '1');
INSERT INTO `noticia_img` VALUES ('33', '21', '1', '21_18403630_1153342604769687_5483513724743173388_n.jpg', '1');
INSERT INTO `noticia_img` VALUES ('34', '21', '1', '21_18278580_1148103585293589_8271099072811413499_o.jpg', '1');
INSERT INTO `noticia_img` VALUES ('35', null, '1', '555_18156417_1142564709180810_6438240444276392576_o.jpg', '1');
INSERT INTO `noticia_img` VALUES ('36', null, '1', '555_18278580_1148103585293589_8271099072811413499_o.jpg', '1');
INSERT INTO `noticia_img` VALUES ('37', '555', '1', '555_18156417_1142564709180810_6438240444276392576_o.jpg', '1');
INSERT INTO `noticia_img` VALUES ('38', '555', '1', '555_18278580_1148103585293589_8271099072811413499_o.jpg', '1');
INSERT INTO `noticia_img` VALUES ('39', '23', '1', '23_18156417_1142564709180810_6438240444276392576_o.jpg', '1');
INSERT INTO `noticia_img` VALUES ('40', '23', '1', '23_18278580_1148103585293589_8271099072811413499_o.jpg', '1');
INSERT INTO `noticia_img` VALUES ('41', '24', '1', '24_18156417_1142564709180810_6438240444276392576_o.jpg', '1');
INSERT INTO `noticia_img` VALUES ('42', '24', '1', '24_18278580_1148103585293589_8271099072811413499_o.jpg', '1');
INSERT INTO `noticia_img` VALUES ('43', '24', '1', '24_18403630_1153342604769687_5483513724743173388_n.jpg', '1');
INSERT INTO `noticia_img` VALUES ('50', '0', '1', '0_18156417_1142564709180810_6438240444276392576_o.jpg', '1');
INSERT INTO `noticia_img` VALUES ('51', '0', '1', '0_18278580_1148103585293589_8271099072811413499_o.jpg', '1');
INSERT INTO `noticia_img` VALUES ('52', '0', '1', '0_18403630_1153342604769687_5483513724743173388_n.jpg', '1');
INSERT INTO `noticia_img` VALUES ('53', '0', '1', '0_19875576_832869306864772_5291028043127397126_n.png', '1');
INSERT INTO `noticia_img` VALUES ('54', '0', '1', '0_20108124_10209952939282262_5851007642021973967_n.jpg', '1');
INSERT INTO `noticia_img` VALUES ('55', '0', '1', '0_20525875_10154801049912644_8272335020126800527_n.png', '1');
INSERT INTO `noticia_img` VALUES ('56', '27', '1', '27_19875576_832869306864772_5291028043127397126_n.png', '1');
INSERT INTO `noticia_img` VALUES ('57', '27', '1', '27_20108124_10209952939282262_5851007642021973967_n.jpg', '1');
INSERT INTO `noticia_img` VALUES ('58', '27', '1', '27_20525875_10154801049912644_8272335020126800527_n.png', '1');
INSERT INTO `noticia_img` VALUES ('59', '27', '1', '27_acisa_logo.jpg', '1');
INSERT INTO `noticia_img` VALUES ('73', '2', '1', '2_Stonic.jpg', '0');
INSERT INTO `noticia_img` VALUES ('74', '2', '1', '2_EuroNcap.jpg', '0');
INSERT INTO `noticia_img` VALUES ('75', '2', '1', '2_EuroNcap.jpg', '1');
INSERT INTO `noticia_img` VALUES ('72', '27', '1', '27_audi.png', '1');
INSERT INTO `noticia_img` VALUES ('76', '2', '1', '2_Stonic.jpg', '1');

-- ----------------------------
-- Table structure for `promocion`
-- ----------------------------
DROP TABLE IF EXISTS `promocion`;
CREATE TABLE `promocion` (
  `id` int(11) unsigned NOT NULL AUTO_INCREMENT,
  `id_marca` int(11) unsigned DEFAULT NULL,
  `titulo` varchar(180) DEFAULT NULL,
  `contenido` text,
  `img` varchar(85) DEFAULT NULL,
  `tag` text,
  `destacado` int(1) unsigned DEFAULT '0',
  `orden` int(1) unsigned DEFAULT NULL,
  `fecha_publicacion` datetime DEFAULT NULL,
  `estado` int(1) unsigned DEFAULT '1',
  PRIMARY KEY (`id`)
) ENGINE=InnoDB AUTO_INCREMENT=10 DEFAULT CHARSET=utf8;

-- ----------------------------
-- Records of promocion
-- ----------------------------
INSERT INTO `promocion` VALUES ('1', '1', 'Promoción Cerato', '<p>Cerato 2018 contado Desde $17.990, cuotas desde 340</p>', 'Banner_CERATO_sinpromo.jpg', 'cerato, promocion', '1', '1', '2017-12-17 14:53:23', '1');
INSERT INTO `promocion` VALUES ('2', '3', 'Comienza la Aventura', '<p>G310R contado desde $6.800, cuotas desde $195.</p>', 'BMW-G310R_6x12_APP.jpg', 'g310r,bmw,motorrad', '1', '2', '2017-12-17 11:54:10', '1');
INSERT INTO `promocion` VALUES ('3', '6', 'Redifiniendo tecnología y confort', '<p>Dodge Durango. Entrega desde $1.000, cuotas desde $865.</p>', 'Durango_6x12.jpg', 'dodge,durango, promo 1000', '1', '3', '2017-12-17 14:53:31', '1');
INSERT INTO `promocion` VALUES ('4', '9', 'Pasate a un Sentra', '<p>Nissan Sentra, entrega desde $1.000 y cuotas desde $356.</p>\r\n', 'nissan_sentra_dic.jpg', 'nissan,sentra,promo 1000', '1', '4', '2017-12-15 11:59:47', '1');
INSERT INTO `promocion` VALUES ('5', '8', 'Promo Especial', '<p>BT-50, Mantenimiento y Equipamiento gratis. Entrega desde $4.800 y cuotas desde $610.</p>', 'mazdaBT_6x12_App.jpg', 'mazda,bt50,promo especial', '0', null, '2017-12-18 11:22:21', '1');
INSERT INTO `promocion` VALUES ('6', '2', 'Prisma Joy', '<p>Prisma Joy entrega de $1.000 y cuotas desde Gs. 1.145.000</p>', 'Chevrolet_Prisma-Joy-6x12.jpg', 'chevrolet, prisma', '0', null, '2017-12-18 11:21:13', '1');
INSERT INTO `promocion` VALUES ('7', '5', 'Jeep Compass', '<p>Llega donde otros solo sueñan. Contado desde $28.990, cuotas desde $458</p>', 'COMPASS_6x12.jpg', 'jeep,compass', '0', null, '2017-12-18 11:24:15', '1');
INSERT INTO `promocion` VALUES ('8', '2', 'New Tracker', '<p>All-New Tracker. Entrega desde $2.700, cuotas desde $405</p>\r\n', 'Tracker_6x12_APP.jpg', 'chevrolet,tracker,all new tracker', '0', null, '2017-12-18 11:24:46', '1');
INSERT INTO `promocion` VALUES ('9', '1', 'Sorento 2018', '<p>La espera termin&oacute;. Sorento 2018</p>\r\n', '9_Sorento_2018_6x12.jpg', 'sorento 2018', '0', null, '2017-12-27 11:15:56', '1');

-- ----------------------------
-- Table structure for `seccion_medio`
-- ----------------------------
DROP TABLE IF EXISTS `seccion_medio`;
CREATE TABLE `seccion_medio` (
  `id` int(11) unsigned NOT NULL AUTO_INCREMENT,
  `descripcion` varchar(60) DEFAULT NULL,
  `estado` int(1) unsigned DEFAULT '1',
  PRIMARY KEY (`id`)
) ENGINE=MyISAM AUTO_INCREMENT=17 DEFAULT CHARSET=utf8;

-- ----------------------------
-- Records of seccion_medio
-- ----------------------------
INSERT INTO `seccion_medio` VALUES ('1', 'Política', '1');
INSERT INTO `seccion_medio` VALUES ('2', 'Economía', '1');
INSERT INTO `seccion_medio` VALUES ('3', 'Locales', '1');
INSERT INTO `seccion_medio` VALUES ('4', 'Interior', '1');
INSERT INTO `seccion_medio` VALUES ('5', 'Judiciales', '1');
INSERT INTO `seccion_medio` VALUES ('6', 'Arte y Espectáculos', '1');
INSERT INTO `seccion_medio` VALUES ('7', 'Sociales', '1');
INSERT INTO `seccion_medio` VALUES ('8', 'Deportes', '1');
INSERT INTO `seccion_medio` VALUES ('9', 'Internacionales', '1');
INSERT INTO `seccion_medio` VALUES ('10', 'Ciencia y Tecnolgía', '1');
INSERT INTO `seccion_medio` VALUES ('11', 'Finanzas', '1');
INSERT INTO `seccion_medio` VALUES ('12', 'Empresas', '1');
INSERT INTO `seccion_medio` VALUES ('13', 'Portada', '1');
INSERT INTO `seccion_medio` VALUES ('14', 'Clasificados', '1');
INSERT INTO `seccion_medio` VALUES ('15', 'Contratapa', '1');
INSERT INTO `seccion_medio` VALUES ('16', 'País', '1');

-- ----------------------------
-- Table structure for `tipo_archivo`
-- ----------------------------
DROP TABLE IF EXISTS `tipo_archivo`;
CREATE TABLE `tipo_archivo` (
  `id` int(11) unsigned NOT NULL AUTO_INCREMENT,
  `descripcion` varchar(60) DEFAULT NULL,
  `estado` int(1) DEFAULT '1',
  PRIMARY KEY (`id`)
) ENGINE=MyISAM AUTO_INCREMENT=3 DEFAULT CHARSET=utf8;

-- ----------------------------
-- Records of tipo_archivo
-- ----------------------------
INSERT INTO `tipo_archivo` VALUES ('1', 'Imagen', '1');
INSERT INTO `tipo_archivo` VALUES ('2', 'Video', '1');
